# emoji	category	en keywords	bn keywords	parent
😀	smileys	cheerful,cheery,face,grin,grinning,happy,laugh,nice,smile,smiling,teeth,grinning face,joy	দেঁতো হাসি,মুখ,মুখে দেঁতো হাসি,হাসি,খুশি,আনন্দ
😃	smileys	awesome,big,eyes,face,grin,grinning,happy,mouth,open,smile,smiling,teeth,yay,grinning face with big eyes,with,smiley,joy,excited	খোলা,ঠোঁট,বড় বড় চোখ করে হাসি মুখ,ব্যক্তি,মুখ,হাসি,খুশি
😄	smileys	eye,eyes,face,grin,grinning,happy,laugh,lol,mouth,open,smile,smiling,grinning face with smiling eyes,with,joy,cheerful	খোলা,খোলা মুখে চোখে হাসির সাথে মুখে হাসি,চোখ,ঠোঁট,মুখ,হাসি,খুশি,আনন্দ
😁	smileys	beaming,eye,eyes,face,grin,grinning,happy,nice,smile,smiling,teeth,beaming face with smiling eyes,with	চোখ,চোখে হাসির সাথে মুখে দেঁতো হাসি,দাঁত,দেঁতো হাসি,মুখ,হাসি,খুশি
😆	smileys	closed,eyes,face,grinning,haha,hahaha,happy,laugh,lol,mouth,open,rofl,smile,smiling,squinting,grinning squinting face,laughing,satisfied,funny	খোলা,চোখ বন্ধ,চোখ বন্ধ করে দেঁতো হাসি,জোরে হাসা,ঠোঁট,মুখ,সন্তুষ্ট,হা হা হা,হাসতে হাসতে,হাসি,মজা
😅	smileys	cold,dejected,excited,face,grinning,mouth,nervous,open,smile,smiling,stress,stressed,sweat,grinning face with sweat,with,relief,laugh,phew	উত্তেজিত,কপালে টেনশন মুখে হাসি,খোলা,ঘর্মাক্ত অবস্থা,ঘাম,ঠান্ডা,মুখ,মুখ খোলা এবং ঠাণ্ডা ঘামের সাথে মুখে হাসি,হাসি
🤣	smileys	crying,face,floor,funny,haha,happy,hehe,hilarious,joy,laugh,lmao,lol,rofl,roflmao,rolling,tear,rolling on the floor laughing,on,the,laughing	গড়াগড়ি,চোখে জল,চোখে পানি,মাটি,মুখ,স্মাইলি,হাসি,হেসে মাটিতে লুটোপুটি খাওয়া,মজা,অট্টহাসি
😂	smileys	crying,face,feels,funny,haha,happy,hehe,hilarious,joy,laugh,lmao,lol,rofl,roflmao,tear,face with tears of joy,with,tears,of	আনন্দ,আনন্দের কান্না ভরা মুখ,কান্না,চোখে পানি,জোরে হাসা,মুখ,হা হা হা,হাসতে হাসতে চোখে জল,হাসিকান্না,হাসি,মজা
🙂	smileys	face,happy,slightly,smile,smiling,slightly smiling face,slight,ok,fine,content	মুখ,মুখে সামান্য হাসি,হাসি
🙃	smileys	face,hehe,smile,upside-down,upside-down face	উল্টো,ওল্টানো চেহারা,মাথাটা নিচে তলাটা উপরে এমন মুখ,মুখ
🫠	smileys	disappear,dissolve,embarrassed,face,haha,heat,hot,liquid,lol,melt,melting,sarcasm,sarcastic,melting face	অদৃশ্য,উত্তাপ,গরম,গলা,গলিত মুখ,গলে জল,গলে যাওয়া,তরল,ব্যাঙ্গাত্মক,লজ্জিত,হা হা
😉	smileys	face,flirt,heartbreaker,sexy,slide,tease,wink,winking,winks,winking face	চোখ,চোখ টিপা,চোখ টিপে হাসি,চোখ মারা,মুখ
😊	smileys	blush,eye,eyes,face,glad,satisfied,smile,smiling,smiling face with smiling eyes,with,happy,warm,sweet,shy	গালে লজ্জার গোলাপী আভা,চোখ,চোখে হাসির সাথে মুখে হাসি,মুখ,হাসি,খুশি,লাজুক
😇	smileys	angel,angelic,angels,blessed,face,fairy,fairytale,fantasy,halo,happy,innocent,peaceful,smile,smiling,spirit,tale,smiling face with halo,with	আশীর্বাদ,ঈশ্বরের আশীর্বাদ,কল্পনা,জ্যোতির্বলয়,দেবদূত,নিরীহ,মাথায় চক্রের সাথে মুখে হাসি,মুখ,রূপকথা,হাসি,নিষ্পাপ
🥰	smileys	3,adore,crush,face,heart,hearts,ily,love,romance,smile,smiling,you,smiling face with hearts,with,affection	অন্তর,আনন্দিত,আমি তোমাকে ভালোবাসি,ক্র্যাশ,খুব পছন্দ,পছন্দ,প্রেম,প্রেমে,প্রেমে পড়া,হার্ট সহ হাসি মুখ,ভালোবাসা
😍	smileys	143,bae,eye,face,feels,heart-eyes,hearts,ily,kisses,love,romance,romantic,smile,xoxo,smiling face with heart-eyes,smiling,with,heart eyes,crush,adore,beautiful	আনন্দে পুলকিত,কিস,চোখ,ভালবাসা,মুখ,হার্ট,হার্টের-আকারের চোখের সাথে হাসি মুখ,হাসি,ভালোবাসা,প্রেম,মুগ্ধ
🤩	smileys	excited,eyes,face,grinning,smile,star,star-struck,starry-eyed,wow,star struck,amazing,starry	উত্তেজিত,ওয়াও,খুশি,চোখ,তারকা-প্রণয়াভিলাসী,তারা,মুখ,স্টার,স্মাইলি,হাসি,হাস্যরত,তারকা
😘	smileys	adorbs,bae,blowing,face,flirt,heart,ily,kiss,love,lover,miss,muah,romantic,smooch,xoxo,you,face blowing a kiss,a,blow kiss,affection	কিস,চুমু,চুম্বন,মুখ,মুখ দিয়ে চুম্বন ছোঁড়া,হার্ট,ভালোবাসা
😗	smileys	143,date,dating,face,flirt,ily,kiss,love,smooch,smooches,xoxo,you,kissing face,kissing,whistle	কিস,চুমু,চুম্বন,চুম্বনরত মুখ,প্রেম,ভালোবাসা,মুখ
☺️	smileys	face,happy,outlined,relaxed,smile,smiling,smiling face	খুব খুশি,নিশ্চিন্ত,মুখ,রূপরেখা,হাসি,হাসি মুখ
😚	smileys	143,bae,blush,closed,date,dating,eye,eyes,face,flirt,ily,kisses,kissing,smooches,xoxo,kissing face with closed eyes,with,kiss,closed eyes,affection	কিস,চুমু,চুম্বন,চোখ,চোখ বন্ধ থাকা অবস্থায় চুম্বনরত মুখ,বন্ধ,মুখ
😙	smileys	143,closed,date,dating,eye,eyes,face,flirt,ily,kiss,kisses,kissing,love,night,smile,smiling,kissing face with smiling eyes,with,affection	কিস,চুমু,চুমু দেওয়া হাসি,চুম্বন,চুম্বনরত মুখের সাথে চোখে হাসি,চোখ,মুখ,হাসি
🥲	smileys	face,glad,grateful,happy,joy,pain,proud,relieved,smile,smiley,smiling,tear,touched,smiling face with tear,with,bittersweet	অভিমানী,অশ্রু,আনন্দ,আপ্লুত,আবেগ,আবেগে আপ্লুত,এক চোখে অশ্রু নিয়ে হাসি মুখ,কষ্ট,কৃতজ্ঞ,খুশি,গর্বিত,নিশ্চিন্ত,বেদনা,ব্যাথা,স্মাইলি,হাসি,হাসিখুশি,কান্না
😋	smileys	delicious,eat,face,food,full,hungry,savor,smile,smiling,tasty,um,yum,yummy,face savoring food,savoring	খাবার,খুব খিদে পেয়েছে,ঘ্রাণ নেওয়া,জিভে জল,মুখ,লোভ লাগছে,সুস্বাদু,সুস্বাদু খাদ্যের স্বাদ নেওয়ার মত মুখ,হাসি,মজা
😛	smileys	awesome,cool,face,nice,party,stuck-out,sweet,tongue,face with tongue,with,playful,cheeky	জিভ বার করা মুখ,জিভ ভেঙানো,মুখ,জিভ,দুষ্টু
😜	smileys	crazy,epic,eye,face,funny,joke,loopy,nutty,party,stuck-out,tongue,wacky,weirdo,wink,winking,yolo,winking face with tongue,with,playful,silly	চোখ,চোখ মারা,জিভ কাটা,জিভ বার করা,জিভ বার করে কাটা ও চোখ মারা মুখ,দুষ্টুমি,মজা করা,মুখ,জিভ কাটা ও চোখ মারা মুখ,জিভ,দুষ্টু
🤪	smileys	crazy,eye,eyes,face,goofy,large,small,zany,zany face,wild,silly	চোখ,ছোট,পাগল,পাগলামো,পাগলের মত মুখ,বড়,ব্যক্তি,মানুষ,স্মাইলি,দুষ্টু
😝	smileys	closed,eye,eyes,face,gross,horrible,omg,squinting,stuck-out,taste,tongue,whatever,yolo,squinting face with tongue,with,squint,playful	এ বাবা,চোখ,জিভ বার করা,জিভ বার করে কাটা ও দৃঢ়ভাবে চোখ বন্ধ করা মুখ,ভয়ঙ্কর,মুখ,স্বাদ,জিভ
🤑	smileys	face,money,money-mouth,mouth,paid,money-mouth face,rich,dollar,greedy	অর্থের মত মুখ,টাকা,ঠোঁট,মুখ,ধনী
🤗	smileys	face,hands,hug,hugging,open,smiling,smiling face with open hands,with,warm,embrace,welcome	আলিঙ্গন,আলিঙ্গন রত,আলিঙ্গনরত মুখ,মুখ,হাত,জড়িয়ে
🤭	smileys	face,giggle,giggling,hand,mouth,oops,realization,secret,shock,sudden,surprise,whoops,face with hand over mouth,with,over,shy,hand over mouth	উপ্স,উল্লসিত মুখ,খিলখিল,ব্যক্তি,মানুষ,মুখ ঢেকে হাসি,মুখের ওপর হাত দেওয়া মুখ,স্মাইলি,হাসি,লাজুক
🫢	smileys	amazement,awe,disbelief,embarrass,eyes,face,gasp,hand,mouth,omg,open,over,quiet,scared,shock,surprise,face with open eyes and hand over mouth,with,and	অবিশ্বাস,আতঙ্ক,আশ্চর্য,ওমা গো,খোলা চোখ এবং মুখের উপর হাত চাপা দেওয়া,চুপ,বিব্রত,বিস্ময়,ভীত
🫣	smileys	captivated,embarrass,eye,face,hide,hiding,peek,peeking,peep,scared,shy,stare,face with peeking eye,with	উঁকি মারা,উঁকি মারা চোখের মুখ,টুকি,তাকিয়ে থাকা,বিমুগ্ধ,লজ্জা পাওয়া
🤫	smileys	face,quiet,shh,shush,shushing,shushing face,secret,silence	কিছু বলব না,চুপ,চুপ করা,চুপ করা মুখ,নিঃশব্দ,নীরব,ব্যক্তি,মানুষ,শান্ত,স্মাইলি,হুশ,গোপন
🤔	smileys	chin,consider,face,hmm,ponder,pondering,thinking,wondering,thinking face,wonder	চিন্তা করার মত মুখ,চিন্তিত,ব্যক্তি,মুখ,চিন্তা,ভাবনা
🫡	smileys	face,good,luck,ma’am,ok,respect,salute,saluting,sir,troops,yes,saluting face	আপনাকে স্যালুট,ঠিক আছে,রোদালো,সৈন্যগণ,স্যালুট,স্যালুট করা মুখ,হ্যাঁ,হ্যাঁ স্যার
🤐	smileys	face,keep,mouth,quiet,secret,shut,zip,zipper,zipper-mouth,zipper-mouth face,sealed	ঠোঁট,বলব না,মুখ,মুখে কুলুপ আঁটা,চুপ
🤨	smileys	disapproval,disbelief,distrust,emoji,eyebrow,face,hmm,mild,raised,skeptic,skeptical,skepticism,surprise,what,face with raised eyebrow,with,raised eyebrow,suspicious,doubt	অবাক,অবিশ্বাস,ব্যক্তি,ভাবা যায় না,ভ্রু কুঁচকানো,ভ্রু কোচকানো মুখ,মানুষ,সন্দেহভাজন,স্মাইলি,সন্দেহ
😐	smileys	awkward,blank,deadpan,expressionless,face,fine,jealous,meh,neutral,oh,shade,straight,unamused,unhappy,unimpressed,whatever,neutral face	আনন্দকর নয়,নিরপেক্ষ,ভাবলেশহীন,মুখ,হাসি পেল না,নিরপেক্ষ মুখ
😑	smileys	awkward,dead,expressionless,face,fine,inexpressive,jealous,meh,not,oh,omg,straight,uh,unhappy,unimpressed,whatever,expressionless face,blank,annoyed	অর্থশূন্য,অর্থহীন,উদ্বেগ নেই,ভাবলেশহীন,ভাবশূন্য,মুখ,মৃত,ভাবলেশহীন মুখ,বিরক্ত
😶	smileys	awkward,blank,expressionless,face,mouth,mouthless,mute,quiet,secret,silence,silent,speechless,face without mouth,without,no mouth	কিছু বলার নেই,গোপনীয়,চুপ করে থাকাই ভাল,ঠোঁট,নীরব,ভাবলেশহীন মুখ,মুখ,মুখ ছাড়াই মুখমণ্ডল,শান্ত
🫥	smileys	depressed,disappear,dotted,face,hidden,hide,introvert,invisible,line,meh,whatever,wtv,dotted line face	অদৃশ্য,অন্তর্মুখী,অপ্রত্যক্ষ,পরোয়া করিনা,রেখা বিন্দুর মুখ,লুকানো,হতাশ
😶‍🌫️	smileys	absentminded,clouds,face,fog,head,face in clouds,in	অমনোযোগী,কুয়াশায় ঢাকা মুখ,মেঘে মুখ,মেঘের মধ্যে মাথা,মেঘের মধ্যে মুখ
😏	smileys	boss,dapper,face,flirt,homie,kidding,leer,shade,slick,sly,smirk,smug,snicker,suave,suspicious,swag,smirking face,smirking,suggestive	কৃত্রিম হাসির মুখ,বিদ্রুপ করা,ব্যঙ্গ করে হাসা,ব্যাঙ্গাত্বক হাসি,মুখ,দুষ্টু হাসি
😒	smileys	...,bored,face,fine,jealous,jel,jelly,pissed,smh,ugh,uhh,unamused,unhappy,weird,whatever,unamused face,annoyed,meh,displeased	অসুখী,ধুশ,বিরক্ত,বিরক্তি,ভাল লাগছে না,মুখ,বিরক্ত মুখ
🙄	smileys	eyeroll,eyes,face,rolling,shade,ugh,whatever,face with rolling eyes,with,eye roll,annoyed,sarcastic	ঘূর্ণায়মান,চোখ,চোখ কপালে,চোখ গোল গোল করা মুখ,চোখ ঘুরানো,মুখ,বিরক্ত
😬	smileys	awk,awkward,dentist,face,grimace,grimacing,grinning,smile,smiling,grimacing face,eek,nervous	কিছু না,দাঁত,দাঁত বার করা মুখ,ভেংচানো,মুখ,অস্বস্তি
😮‍💨	smileys	blow,blowing,exhale,exhaling,exhausted,face,gasp,groan,relief,sigh,smiley,smoke,whisper,whistle,face exhaling	অবসন্ন,অবসাদগ্রস্ত,কাতরানো,ক্লান্ত,ত্রাণ,দুর্দশা,ধূমপান,নিঃশ্বাস,নিশ্বাস ছাড়া মুখ,ফিসফিস,বাঁশি,হাঁফানো
🤥	smileys	face,liar,lie,lying,pinocchio,lying face,dishonest	পিনাকিও,মিথ্যা,মিথ্যুক,মিথ্যুকের নাক লম্বা,মুখ
🫨	smileys	crazy,daze,earthquake,face,omg,panic,shaking,shock,surprise,vibrate,whoa,wow,shaking face	আঘাত,কম্পন,কাঁপা,ভয়ে কাঁপুনি ধরা,ভূমিকম্প,মুখ,কাঁপা মুখ
🙂‍↔️	smileys	head,horizontally,no,shake,shaking,head shaking horizontally	এপাশ ওপাশ মাথা নাড়ানো,না বলতে,নাড়ানো
🙂‍↕️	smileys	head,nod,shaking,vertically,yes,head shaking vertically	উপর নীচে মাথা নাড়ানো,মাথা নেড়ে,হ্যাঁ বলা
😌	smileys	calm,face,peace,relief,relieved,zen,relieved face,peaceful,content	চিন্তা মুক্ত,চিন্তা মুক্ত মুখ,মুখ,স্বস্তি পাওয়া,স্বস্তির আশ্বাস,শান্ত,স্বস্তি
😔	smileys	awful,bored,dejected,died,disappointed,face,losing,lost,pensive,sad,sucks,pensive face,reflective,sorry	বিষণ্ণ,ভাল লাগছে না,মনমরা,মুখ,বিষণ্ণ মুখ,দুঃখ,মন খারাপ
😪	smileys	crying,face,good,night,sad,sleep,sleeping,sleepy,tired,sleepy face,drowsy	ক্লান্ত,ঘুম ঘুম ভাব,ঘুমন্ত অবস্থা,মুখ,ঘুম
🤤	smileys	drooling,face,drooling face,drool,hungry,desire	মুখ,লালা,লোভী,লোভে লক লক,লোভী মুখ,ক্ষুধা
😴	smileys	bed,bedtime,face,good,goodnight,nap,night,sleep,sleeping,tired,whatever,yawn,zzz,sleeping face,snore	ঘুম,ঘুমন্ত অবস্থা,ঘুমন্ত মুখ,ঘুমানো,ঘুমে বিভোর,নাক ডাকা,মুখ,শুভ রাত্রি,ক্লান্ত
🫩	smileys	bags,bored,exhausted,eyes,face,fatigued,late,sleepy,tired,weary,face with bags under eyes,with,under	ক্লান্ত,ঘুমন্ত,ক্লান্তি
😷	smileys	cold,dentist,dermatologist,doctor,dr,face,germs,mask,medical,medicine,sick,face with medical mask,with,ill,covid	অসুস্থ,ওষুধ,ঠান্ডা,ঠান্ডা লাগা,ডাক্তার,মাস্ক করে ঠান্ডা থেকে বাঁচা,মুখ,মুখের মধ্যে মেডিক্যাল মাস্ক,মুখোশ,মাস্ক
🤒	smileys	face,ill,sick,thermometer,face with thermometer,with,fever	অসুস্থ,থার্মোমিটার,মুখ,মুখে থার্মোমিটার,মুখের মধ্যে থার্মোমিটার,রোগগ্রস্ত,জ্বর
🤕	smileys	bandage,face,head-bandage,hurt,injury,ouch,face with head-bandage,with,injured,head	আঘাত,চোট,ব্যান্ডেজ,মাথায় ব্যান্ডেজ করা মুখ,মুখ,আহত,ব্যথা
🤢	smileys	face,gross,nasty,nauseated,sick,vomit,nauseated face,nausea,disgust	গা বমি করা মুখ,নোংরা,বমি,বমি বমি ভাগ,বমি বমি ভাব,মুখ,অসুস্থ
🤮	smileys	barf,ew,face,gross,puke,sick,spew,throw,up,vomit,vomiting,face vomiting	অসুস্থ,বমনরত মুখ,বমি,বমি করা,বমি বমি ভাব,মানুষ,মুখ
🤧	smileys	face,fever,flu,gesundheit,sick,sneeze,sneezing,sneezing face,cold,tissue	অসুস্থ,ভাল থাক,মুখ,হাঁচি,সর্দি
🥵	smileys	dying,face,feverish,heat,hot,panting,red-faced,stroke,sweating,tongue,hot face,burning up	উত্তাপ,ঊর্ধ্বশ্বাস,গরম,গরম মুখমণ্ডল,গরমে ঘাম ঝরা লাল মুখ,ঘাম ঝরছে,ঘাম ঝরা,জিহ্বা বের হওয়া,জ্বর জ্বর,জ্বরাক্রান্ত,জ্বরে কাতর,জ্বরে কুপোকাত,মুখবিকৃতি,মুমূর্ষু,লাল মুখমণ্ডল,লাল-মুখযুক্ত,হিট স্ট্রোক,ঘাম
🥶	smileys	blue,blue-faced,cold,face,freezing,frostbite,icicles,subzero,teeth,cold face,frozen,ice	উফ কী ঠান্ডা,জমিয়ে দেওয়া,ঠান্ডা,ঠান্ডা দাঁত,ঠান্ডায় দাঁত কাঁপা নীল মুখ,তুষার,তুষারকণা,তুষারিকা,নীল,নীল-মুখযুক্ত,বরফ,মুখ,হাড় কাঁপানো ঠান্ডা,শীত
🥴	smileys	dizzy,drunk,eyes,face,intoxicated,mouth,tipsy,uneven,wavy,woozy,woozy face,confused	অর্ধেক খোলা চোখ,গুলিয়ে ফেলা,তরঙ্গায়িত মুখ,দ্বিধাগ্রস্ত,প্রায় মাতাল,ভেঙ্গচি কাটা,মত্ত,মাতাল,মাথা ঝিমঝিম,মাথা-ঘোরা,হতবুদ্ধি,হতবুদ্ধি মুখ,হতভম্ব,ঘোর
😵	smileys	crossed-out,dead,dizzy,eyes,face,feels,knocked,out,sick,tired,face with crossed-out eyes,with,knocked out,shocked	অবাক,অসুস্থ,ক্লান্ত,মুখ,হতবুদ্ধি,হতবুদ্ধি হওয়া মুখ,অজ্ঞান,মাথা ঘোরা
😵‍💫	smileys	confused,dizzy,eyes,face,hypnotized,omg,smiley,spiral,trouble,whoa,woah,woozy,face with spiral eyes,with	অপহাস,এলোমেলো করা,ওহ,চঞ্চল,চোখ পাকানো মুখ,জটিল,ঝামেলা,থামা,বিভ্রান্ত,মাথা ঝিমঝিম,সম্মোহিত,সর্পিল,হতবুদ্ধি
🤯	smileys	blown,explode,exploding,head,mind,mindblown,no,shocked,way,exploding head,mind blown,wow	অবাক,আশ্চর্য,ফেটে পরা মাথা,বিস্ফোরণ,ব্যক্তি,মর্মাহত মুখ,মাথা বিস্ফোরণ,মানুষ,স্মাইলি,বিস্ময়
🤠	smileys	cowboy,cowgirl,face,hat,cowboy hat face,yeehaw	কাউগার্ল,কাউবয়,কাউবয় টুপি পরা মুখ,টুপি,ব্যক্তি,মুখ,কাউবয়
🥳	smileys	bday,birthday,celebrate,celebration,excited,face,happy,hat,hooray,horn,party,partying,partying face,festive,woohoo	অনুষ্ঠান,আনন্দ,উদযাপন,উল্লসিত,জন্মদিন,জন্মদিনের টুপি,টুপি,টুপি পরে বাঁশি বাজিয়ে পার্টি উদযাপন করা মুখ,পার্টি,বাঁশি,হর্ন
🥸	smileys	disguise,eyebrow,face,glasses,incognito,moustache,mustache,nose,person,spy,tache,tash,disguised face,disguised	গুপ্তচর,গোঁফ,গোয়েন্দা,চশমা,ছদ্মবেশ,ছদ্মবেশী,নাক,ভ্রু,মুখ,লোক
😎	smileys	awesome,beach,bright,bro,chilling,cool,face,rad,relaxed,shades,slay,smile,style,sunglasses,swag,win,smiling face with sunglasses,smiling,with,confident	উজ্জ্বল,চশমা,চোখ,ঠান্ডা,মুখ,শীতল,সানগ্লাস,সানগ্লাস পরা জয়ের হাসি,সানগ্লাস পরা হাসি মুখ,সানগ্লাস পরিহিত হাসি মুখ,সূর্য,হাসি,কুল
🤓	smileys	brainy,clever,expert,face,geek,gifted,glasses,intelligent,nerd,smart,nerd face	কদাকার,গুরু,চটপটে,চশমা,চালাক,দক্ষ,পটু,পড়ুয়া মুখ,পারদর্শী,বুদ্ধিমান,বোকা,মুখ,সবজান্তা,পন্ডিত
🧐	smileys	classy,face,fancy,monocle,rich,stuffy,wealthy,face with monocle,with,inspect,curious	অভিজাত,একচোখে চশমাওয়ালা মুখ,চশমা,দমবন্ধ করা মুখ,ধনী,ব্যক্তি,স্মাইলি,পরীক্ষা,কৌতূহল
😕	smileys	befuddled,confused,confusing,dunno,face,frown,hm,meh,not,sad,sorry,sure,confused face,puzzled,unsure	এবার কি হবে?,জানিনা,দুঃখিত,বিভ্রান্ত,মুখ,বিভ্রান্ত মুখ
🫤	smileys	confused,confusion,diagonal,disappointed,doubt,doubtful,face,frustrated,frustration,meh,mouth,skeptical,unsure,whatever,wtv,face with diagonal mouth,with	অনিশ্চিত,উদাস,তির্যক আকৃতিতে মুখ,বিভ্রান্ত,সংশয়,সংশয়যুক্ত,হতাশ
😟	smileys	anxious,butterflies,face,nerves,nervous,sad,stress,stressed,surprised,worried,worry,worried face,concerned	উদ্বিগ্ন,কি যে হবে,চিন্তিত মুখ,মুখ,চিন্তিত
🙁	smileys	face,frown,frowning,sad,slightly,slightly frowning face,disappointed	দুঃখ,ভ্রূ কুচঁকানো,মুখ,সামান্য রাগান্বিত মুখ,মন খারাপ
☹️	smileys	face,frown,frowning,sad,frowning face,unhappy	কষ্ট,দুঃখ,ভ্রূ কুচঁকানো,মুখ,রাগান্বিত মুখ
😮	smileys	believe,face,forgot,mouth,omg,open,shocked,surprised,sympathy,unbelievable,unreal,whoa,wow,you,face with open mouth,with,open mouth,gasp	অবাক,খোলা,ঠোঁট,মুখ,সহানুভূতি,হাঁ করা মুখ,বিস্ময়
😯	smileys	epic,face,hushed,omg,stunned,surprised,whoa,woah,hushed face,quiet	অবাক,চুপ করার ইঙ্গিত করা,নিস্তব্ধ মুখ,বলো কি,বিস্মিত হওয়া,মুখ,সে কি রে,হতভম্ব হওয়া
😲	smileys	astonished,cost,face,no,omg,shocked,totally,way,astonished face,amazed,gasp	অবাক,অবাক হয়ে যাওয়া মুখ,আশ্চর্য হওয়া,ব্যক্তি,মর্মাহত,মুখ,সম্পূর্ণ,হতবাক
😳	smileys	amazed,awkward,crazy,dazed,dead,disbelief,embarrassed,face,flushed,geez,heat,hot,impressed,jeez,what,wow,flushed face,blush,shocked	অবাক,উত্তেজিত মুখ,চমকিত,মুখ,রক্তিম,রক্তিম মুখ,লজ্জা,অপ্রস্তুত
🫪	smileys	anxiety,bloated,panic,shocked,surprised,vulnerable,distorted face,distorted,face	অবাক,আশ্চর্য,চমক,বিস্ময়,হতবাক
🥺	smileys	begging,big,eyes,face,mercy,not,pleading,please,pretty,puppy,sad,why,pleading face,puppy eyes,cute	অনুগ্রহ,অনুনয় মুখ,অনুনয়কারী মুখ,অনুরোধ,অসুখী,করুণা,দু,খদায়ক,মায়া
🥹	smileys	admiration,aww,back,cry,embarrassed,face,feelings,grateful,gratitude,holding,joy,please,proud,resist,sad,tears,face holding back tears	অপ্রস্তুত,আনন্দে অশ্রু,কান্না,কান্না চেপে রাখা মুখ,কৃতজ্ঞ,ক্ষিপ্ত,গর্বিত,চোখে জল মুখে হাসি,বিষণ্ণ,রোধ করা
😦	smileys	caught,face,frown,frowning,guard,mouth,open,scared,scary,surprise,what,wow,frowning face with open mouth,with,open mouth,worried	অবাক,ওরে বাবা রে,খোলা,খোলা মুখের সাথে ভ্রুকুটি মুখমণ্ডল,ঠোঁট,দেখো কান্ড,ব্যক্তি,ভ্রূ কুচঁকানো,মুখ,সে কি রে,চিন্তিত
😧	smileys	anguished,face,forgot,scared,scary,stressed,surprise,unhappy,what,wow,anguished face	উদ্বেগপূর্ণ মুখ,বেদনার্ত,ভয়,মুখ
😨	smileys	afraid,anxious,blame,face,fear,fearful,scared,worried,fearful face,shocked	ভয়,ভয়ার্ত মুখ,ভীত,ভীতিজনক,মুখ,ভয়,আতঙ্ক
😰	smileys	anxious,blue,cold,eek,face,mouth,nervous,open,rushed,scared,sweat,yikes,anxious face with sweat,with,worried	খোলা মুখ এবং ঠাণ্ডা ঘামের সাথে মুখমণ্ডল,ঘর্মাক্ত অবস্থা,ঘাম,ঘাম ঝরা উদ্ধিগ্ন মুখ,ঠান্ডা,নীল,ব্যক্তি,ভয়ে ঘামছে,মুখ,মুখে উদ্ধিগ্ন,উদ্বিগ্ন
😥	smileys	anxious,call,close,complicated,disappointed,face,not,relieved,sad,sweat,time,whew,sad but relieved face,but	আশ্চর্য হওয়া,ঘাম,দুঃখ,নিরাশ,মুখ,স্বস্তি পাওয়া,হতাশ,হতাশ তবে স্বস্তি পাওয়া মুখ
😢	smileys	awful,cry,crying,face,feels,miss,sad,tear,triste,unhappy,crying face,upset	কান্না,কান্নাকাটি করা,ক্রন্দনরত মুখ,দুঃখিত,মুখ,দুঃখ
😭	smileys	bawling,cry,crying,face,loudly,sad,sob,tear,tears,unhappy,loudly crying face	অশ্রুসজল মুখ,কান্না,কান্নাকাটি করা,জোরে ক্রন্দনরত মুখ,দুঃখিত,মুখ,দুঃখ,অঝোরে
😱	smileys	epic,face,fear,fearful,munch,scared,scream,screamer,screaming,shocked,surprised,woah,face screaming in fear,in,horror,omg	অবাক,খোলা মুখ,চিৎকার করা,ব্যক্তি,ভয়,ভয়ে চিৎকার করা মুখ,ভীত,ভীতিজনক,মানুষ,মুখ,স্মাইলি,চিৎকার,ভয়,আতঙ্ক
😖	smileys	annoyed,confounded,confused,cringe,distraught,face,feels,frustrated,mad,sad,confounded face,scrunched	বিস্মিত মুখ,মুখ,হকচকিয়ে যাওয়া,হতাশ
😣	smileys	concentrate,concentration,face,focus,headache,persevere,persevering,persevering face,struggling,frustrated	জিদ করা,জেদি মুখ,মাথা ব্যথা,মুখ,সংগ্রাম,কষ্ট
😞	smileys	awful,blame,dejected,disappointed,face,fail,losing,sad,unhappy,disappointed face,upset	মুখ,হতাশ,হতাশ মুখ,দুঃখ
😓	smileys	close,cold,downcast,face,feels,headache,nervous,sad,scared,sweat,yikes,downcast face with sweat,with,tired,stressed	ঘর্মাক্ত অবস্থা,ঠান্ডা,মুখ,মুখের মধ্যে ঠাণ্ডা ঘাম লাগা,ক্লান্ত,ঘাম
😩	smileys	crying,face,fail,feels,hungry,mad,nooo,sad,sleepy,tired,unhappy,weary,weary face,exhausted,fed up	অসুখী,ক্লান্ত,ক্লান্ত হওয়া,ক্ষুধার্ত,খিদে পেয়েছে,নাহ,পরিশ্রান্ত,ভয় পেয়েছে,মুখ,পরিশ্রান্ত মুখ,হয়রান
😫	smileys	cost,face,feels,nap,sad,sneeze,tired,tired face,exhausted,fed up,upset	ক্লান্ত,মুখ,ক্লান্ত মুখ
🥱	smileys	bedtime,bored,face,goodnight,nap,night,sleep,sleepy,tired,whatever,yawn,yawning,zzz,yawning face	উদাস,ক্লান্ত,ক্লান্ত লাগছে,ঘুম পাচ্ছে,মুখ,রাত হয়েছে,শুভরাত্রি,হাই তোলা,হাই তোলা মুখ,হাই,ঘুম
😤	smileys	anger,angry,face,feels,fume,fuming,furious,fury,mad,nose,steam,triumph,unhappy,won,face with steam from nose,with,from,frustrated,proud,huffing	অখুশি,অসহ্যকর,জয়জয়কার,নাক থেকে স্টিম বেরোচ্ছে এমন মুখ,বিজয়ী,বিরক্ত,মুখ,রাগ,গর্ব
😡	smileys	anger,angry,enraged,face,feels,mad,maddening,pouting,rage,red,shade,unhappy,upset,enraged face,furious	ক্রুদ্ধ,ক্ষিপ্ত,গর্জন,বিস্ফারিত চোখ,বিস্ফুরিত মুখ,মুখ,রাগ,রাগে গজ গজ,লাল,ক্রোধ
😠	smileys	anger,angry,blame,face,feels,frustrated,mad,maddening,rage,shade,unhappy,upset,angry face,annoyed,grumpy	ক্রুদ্ধ,ক্ষিপ্ত,মুখ,রাগ,রাগের মুখ,বিরক্ত
🤬	smileys	censor,cursing,cussing,face,mad,mouth,pissed,swearing,symbols,face with symbols on mouth,with,on,angry,furious	অভিশাপ,গালাগালি,গালি,ঠোটে চিহ্নযুক্ত মুখ,দিব্যি খাওয়া মুখ,বিরক্ত,রাগ
😈	smileys	demon,devil,evil,face,fairy,fairytale,fantasy,horns,purple,shade,smile,smiling,tale,smiling face with horns,with,smiling imp,mischief	কল্পনা,দুষ্টুমির হাসি,মুখ,রূপকথা,শিং,শিং এর সাথে হাসি মুখ,হাসি,শয়তান,দুষ্টু
👿	smileys	angry,demon,devil,evil,face,fairy,fairytale,fantasy,horns,imp,mischievous,purple,shade,tale,angry face with horns,with,angry devil	অল্প রেগে,কল্পনা,দুষ্টু,দৈত্য,পাজি,মুখ,রূপকথা,শয়তান,শয়তান,রাগ
💀	smileys	body,dead,death,face,fairy,fairytale,i’m,lmao,monster,skull,tale,yolo,danger,dying	খুলি,দানব,মুখ,মৃত্যু,রূপকথা,শরীর,মরা
☠️	smileys	bone,crossbones,dead,death,face,monster,skull,skull and crossbones,and,skull crossbones,danger,poison	আড়াআড়িভাবে থাকা দু‘টি হাড়,খুলি,দানব,বিপদ,মাথার খুলি এবং আড়াআড়িভাবে থাকা দু‘টি হাড়,মুখ,মৃত্যু,শরীর
💩	smileys	bs,comic,doo,dung,face,fml,monster,pile,poo,poop,smelly,smh,stink,stinks,stinky,turd,pile of poo,of,crap,funny	অধৈর্য্য প্রকাশ করা,উল্টান দিক,কমিক,গোবর,দানব,দুর্গন্ধ,পাইল অফ পো,মুখ,মল,মজা
🤡	smileys	clown,face,clown face,joker,circus,funny	জোকার,জোকারের মুখ,মুখ,ভাঁড়
👹	smileys	creature,devil,face,fairy,fairytale,fantasy,mask,monster,ogre,scary,tale,demon,japanese	কল্পনা,জাপানি,দানব,বুনো জীব,মুখ,রাক্ষস,রূপকথা,শয়তান,দৈত্য
👺	smileys	angry,creature,face,fairy,fairytale,fantasy,goblin,mask,mean,monster,tale,tengu	অপদেবতা,অসুর,কল্পনা,জাপানি,দানব,বুনো জীব,মুখ,রূপকথা,দৈত্য
👻	smileys	boo,creature,excited,face,fairy,fairytale,fantasy,ghost,halloween,haunting,monster,scary,silly,tale,spooky	কল্পনা,দানব,দুষ্টু ভূত,বুনো জীব,ভূত,মুখ,রূপকথা,হ্যালোইন
👽	smileys	alien,creature,extraterrestrial,face,fairy,fairytale,fantasy,monster,space,tale,ufo	অপার্থিব,উড়ন্ত চাকতি,এলিয়ান,কল্পনা,কাল্পনিক,জীব,দানব,ভীন গ্রহের প্রাণী,মহাকাশ,মুখ,রূপকথা,এলিয়েন,ভিনগ্রহ
👾	smileys	alien,creature,extraterrestrial,face,fairy,fairytale,fantasy,game,gamer,games,monster,pixelated,space,tale,ufo,alien monster	আপার্থিব জীব,উড়ন্ত চাকতি,এলিয়ান মনস্টার,কল্পনা,খেলা,গেম,জীব,দানব,ভীন গ্রহের প্রাণী,মহাকাশ,মুখ,রূপকথা
🤖	smileys	face,monster,robot,ai,machine,bot	দানব,মুখ,যন্ত্রমানব,রোবট,রোবোট,রোবোটের মুখ,যন্ত্র
😺	smileys	animal,cat,face,grinning,mouth,open,smile,smiling,grinning cat,happy cat	খোলা,বিড়াল,বিড়ালের হাসি মুখ,মুখ,মুখ খোলা অবস্থায় বেড়ালের হাসি মুখ,হাসি,বিড়াল
😸	smileys	animal,cat,eye,eyes,face,grin,grinning,smile,smiling,grinning cat with smiling eyes,with,happy cat	চোখ,চোখে হাসির সাথে মুখে হাসি বিড়াল,দেঁতো হাসি,বিড়াল,মুখ,হাসি,বিড়াল
😹	smileys	animal,cat,face,joy,laugh,laughing,lol,tear,tears,cat with tears of joy,with,of,laughing cat	আনন্দ,আনন্দের কান্না সহ বেড়ালের মুখ,কান্না,জীবজন্তু,বিড়াল,মুখ,হাসতে হাসতে চোখে জল,হাসি,বিড়াল,মজা
😻	smileys	animal,cat,eye,face,heart,heart-eyes,love,smile,smiling,smiling cat with heart-eyes,with,heart eyes,love cat	চোখ,ঠোঁটে হাসি চোখে ভালবাসা নিয়ে বিড়াল,বিড়াল,ভালবাসা,মুখ,হার্ট,হার্ট আকারের চোখের সাথে বেড়ালের মুখ,হাসি,বিড়াল,ভালোবাসা
😼	smileys	animal,cat,face,ironic,smile,wry,cat with wry smile,with,smirk,wry smile	বাঁকা হাসির সাথে বেড়ালের মুখ,বিকৃত,বিড়াল,মুখ,শ্লেষাত্মক,হাসি,বিড়াল
😽	smileys	animal,cat,closed,eye,eyes,face,kiss,kissing,kissing cat	কিস,চুমু,চুম্বন,চুম্বনরত বিড়ালের মুখ,চোখ,বন্ধ চোখ সহ চুম্বনরত বিড়ালের মুখ,বিড়াল,মুখ,বিড়াল
🙀	smileys	animal,cat,face,oh,surprised,weary,weary cat,shocked cat	অবাক,অবাক মুখে বিড়াল,ক্লান্ত বিড়ালের মুখ,পরিশ্রান্ত,বিড়াল,বিস্ময়সূচক মুখ গোল করে ওহঃ করা,বিস্মিত হওয়া,মুখ,বিড়াল
😿	smileys	animal,cat,cry,crying,face,sad,tear,crying cat,sad cat	কান্না,দুঃখিত,বিড়াল,বিড়ালের মুখে কান্না,মুখ,বিড়াল
😾	smileys	animal,cat,face,pouting,pouting cat,angry cat	বিড়াল,বিস্ফারিত চোখ,বিস্ফুরিত বিড়ালের মুখ,মুখ,বিড়াল,রাগ
🙈	smileys	embarrassed,evil,face,forbidden,forgot,gesture,hide,monkey,no,omg,prohibited,scared,secret,smh,watch,see-no-evil monkey,see-no-evil,see no evil,shy	অঙ্গভঙ্গি,কোনো খারাপ জিনিস দেখব না,জীবজন্তু,দেখতে পারব না,দেখা,না,নিষিদ্ধ,বাঁদর,বানর,ভুলেই গেছি,মুখ,হে ঈশ্বর,লুকানো,লজ্জা
🙉	smileys	animal,ears,evil,face,forbidden,gesture,hear,listen,monkey,no,not,prohibited,secret,shh,tmi,hear-no-evil monkey,hear-no-evil,hear no evil	অঙ্গভঙ্গি,কোনো খারাপ কিছু শুনব না,দুষ্ট,নিষিদ্ধ,পশুপাখি,বাঁদর,মুখ,শোনা,বানর
🙊	smileys	animal,evil,face,forbidden,gesture,monkey,no,not,oops,prohibited,quiet,secret,speak,stealth,speak-no-evil monkey,speak-no-evil,speak no evil	অঙ্গভঙ্গি,কোনো খারাপ কথা বলব না,খারাপ কথা বলব না,দুষ্ট,না,নিষিদ্ধ,প্রাণী,বাঁদর,বানর,বোবার শত্রু নেই,মুখ,গোপন
💌	smileys	heart,letter,love,mail,romance,valentine,love letter	চিঠি,প্রেমের চিঠি,ভালবাসা,মেল,রোমান্স,হৃদয়,প্রেমপত্র
💘	smileys	143,adorbs,arrow,cupid,date,emotion,heart,ily,love,romance,valentine,heart with arrow,with,heart arrow,crush	কিউপিড,তীর,তীর বিদ্ধ হার্ট,প্রেমে পড়া,হৃদয়,ভালোবাসা,প্রেম
💝	smileys	143,anniversary,emotion,heart,ily,kisses,ribbon,valentine,xoxo,heart with ribbon,with,heart ribbon,gift,love	১৪৩,কিস,চিহ্ন,চুমু,ফিতা,বস্তু,ভ্যালেন্টাইন,রিবন বাঁধা হার্ট,হার্ট,ভালোবাসা,উপহার
💖	smileys	143,emotion,excited,good,heart,ily,kisses,morning,night,sparkle,sparkling,xoxo,sparkling heart,love,affection	উত্তেজিত,কিস,জ্বলজ্বলে হার্ট,ঝকমক করা,হৃদয়,ভালোবাসা,ঝলমল
💗	smileys	143,emotion,excited,growing,heart,heartpulse,ily,kisses,muah,nervous,pulse,xoxo,growing heart,love,warm	১৪৩,উত্তেজিত,কিস,ক্রমবর্ধমান,চুমু,বর্ধনশীল হার্ট,স্নায়ুবৈকল্য,হৃদয়,হৃদয় ধ্বনি,ভালোবাসা
💓	smileys	143,beating,cardio,emotion,heart,heartbeat,ily,love,pulsating,pulse,beating heart	স্পন্দন,স্পন্দনশীল,স্পন্দিত,হৃদয়,হৃদস্পন্দন,স্পন্দিত হৃদয়,ভালোবাসা
💞	smileys	143,adorbs,anniversary,emotion,heart,hearts,revolving,revolving hearts,love,affection	অ্যানিভার্সারি,ঘুরপাক,ঘূর্ণমান হার্ট,মনের সাথে মনের সংযোগ,হৃদয়,ভালোবাসা,প্রেম
💕	smileys	143,anniversary,date,dating,emotion,heart,hearts,ily,kisses,love,loving,two,xoxo,two hearts,affection,couple	১৪৩,আমি তোমাকে ভালবাসি,কিস,চুমু,দুটি হার্ট,ভালবাসা,হৃদয়,ভালোবাসা,প্রেম,জোড়া
💟	smileys	143,decoration,emotion,heart,hearth,purple,white,heart decoration,love	১৪৩,হার্ট সজ্জা,হৃদয়,ভালোবাসা
❣️	smileys	bang,exclamation,heart,heavy,mark,punctuation,heart exclamation	চিহ্ন,বিরাম চিহ্ন,বিস্ময়বোধক,যতিচিহ্ন,হার্টের আকারের বিস্ময়সূচক চিহ্ন,হৃদয়
💔	smileys	break,broken,crushed,emotion,heart,heartbroken,lonely,sad,broken heart,heartbreak,breakup	ভগ্ন হৃদয়,ভাঙা,ভাঙ্গা হার্ট,ভেঙে যাওয়া,মন ভেঙ্গে গেছে,হার্ট,হৃদয়,ভাঙা হৃদয়,বিরহ,কষ্ট
❤️‍🔥	smileys	burn,fire,heart,love,lust,sacred,heart on fire,on,burning love,passion	আগুনে হৃদয়,পবিত্র হৃদয়,পোড়া,ভালবাসা,লালসা,হৃদয়,জ্বলন্ত হৃদয়,আগুন,আবেগ
❤️‍🩹	smileys	healthier,heart,improving,mending,recovering,recuperating,well,mending heart,healing,recovery	উন্নতিশীল,নিরাময়কারী,পুনরুদ্ধার করা,ভাল,সংশোধিত হৃদয়,সেরে উঠা,স্বাস্থ্যকর,নিরাময়,আরোগ্য
❤️	smileys	emotion,heart,love,red,red heart,romance,like	লাল হার্ট,হৃদয়,ভালোবাসা,প্রেম,হৃদয়,লাল
🩷	smileys	143,adorable,cute,emotion,heart,ily,like,love,pink,special,sweet,pink heart	আমি তোমাকে ভালোবাসি,গোলাপী,গোলাপী হার্ট,পছন্দ,ভালবাসা,ভালোবাসা,মিষ্টি,সুন্দর,হৃদয়
🧡	smileys	143,heart,orange,orange heart,love,like	কমলা,প্রেম,ভালোবাসা,স্মাইলি,হার্ট,হৃদয়,কমলা হার্ট
💛	smileys	143,cardiac,emotion,heart,ily,love,yellow,yellow heart,friendship	আমি তোমাকে ভালবাসি,হলুদ,হার্ট,হলুদ হার্ট,ভালোবাসা
💚	smileys	143,emotion,green,heart,ily,love,romantic,green heart,nature	সবুজ,সবুজ হার্ট,হৃদয়,ভালোবাসা
💙	smileys	143,blue,emotion,heart,ily,love,romance,blue heart,trust	নীল,নীল হার্ট,হৃদয়,ভালোবাসা
🩵	smileys	143,blue,cute,cyan,emotion,heart,ily,light,like,love,sky,special,teal,light blue heart	আবেগ,আমি তোমাকে ভালোবাসি,নীলচে সবুজ,ভালোবাসা,মিষ্টি,সবজে নীল,হার্ট,হালকা নীল,হালকা নীল হার্ট
💜	smileys	143,bestest,emotion,heart,ily,love,purple,purple heart	বেগুনি,বেগুনী,হার্ট,বেগুনি হার্ট,ভালোবাসা
🤎	smileys	143,brown,heart,brown heart,love	খয়েরি রঙয়ের হৃদয়,খয়েরি হার্ট,বাদামি,হার্ট,হার্ট চিহ্ন,হৃদয়,ভালোবাসা
🖤	smileys	black,evil,heart,wicked,black heart,dark,love	কালো,দুষ্ট,পাজি,বাজে,বাজে মনের,হার্ট,কালো হার্ট,ভালোবাসা
🩶	smileys	143,emotion,gray,grey,heart,ily,love,silver,slate,special,grey heart	আবেগ,আমি তোমাকে ভালোবাসি,ধূসর,রুপো,স্লেট,হার্ট,ধূসর হার্ট
🤍	smileys	143,heart,white,white heart,pure,love	সাদা,হার্ট,হার্ট চিহ্ন,হৃদয়,সাদা হার্ট,ভালোবাসা
💋	smileys	dating,emotion,heart,kiss,kissing,lips,mark,romance,sexy,kiss mark,lipstick	কিস,চিহ্ন,চুমু,চুম্বন,চুম্বনের চিহ্ন,ঠোট,রোমান্স,হার্ট,ঠোঁট
💯	smileys	100,a+,agree,clearly,definitely,faithful,fleek,full,hundred,keep,perfect,point,score,true,truth,yup,hundred points,points,keep it real	100,একশো পয়েন্ট,পূর্ণ,শত,স্কোর,একশো,পারফেক্ট
💢	smileys	anger,angry,comic,mad,symbol,upset,anger symbol,vein	কমিক,ক্রুদ্ধ,ক্রোধের চিহ্ন,ক্রোধের প্রতীক,ক্ষিপ্ত,চিহ্ন,রাগ
🫯	smileys	argument,brawl,debate,disagreement,fight,ruckus,wrestle,fight cloud,cloud	তর্কাতর্কি,বিতর্ক,মতবিরোধ,মারামারি,লড়াই,হট্টগোল
💥	smileys	bomb,boom,collide,collision,comic,explode,explosion,bang,fire	কমিক,বুম,বুম করে শব্দ হওয়া,সংঘর্ষ,বিস্ফোরণ,ধাক্কা
💫	smileys	comic,dizzy,shining,shooting,star,stars,sparkle	কমিক,তারা,হতবুদ্ধি,ঘোর
💦	smileys	comic,drip,droplet,droplets,drops,splashing,squirt,sweat,water,wet,work,workout,sweat droplets,splash	কমিক,ঘর্মাক্ত অবস্থা,ঘাম,ঘামের ফোঁটা,জলের ফোটা,ব্যায়াম,পানি
💨	smileys	away,cloud,comic,dash,dashing,fart,fast,go,gone,gotta,running,smoke,dashing away,wind	উদ্যমী,কমিক,দূরে,দৌড়,দৌড়রত,ধোঁয়া,হানাহানি,বাতাস,দ্রুত,ধোঁয়া
🕳️	smileys	hole,void	গর্ত
💬	smileys	balloon,bubble,comic,dialog,message,sms,speech,talk,text,typing,speech balloon,speech bubble,chat	কমিক,ডায়ালগ,বক্তব্যের বেলুন,বক্তৃতা,বুদ্বুদ,বেলুন,কথা,বার্তা,চ্যাট
👁️‍🗨️	smileys	balloon,bubble,eye,speech,witness,eye in speech bubble,in	চিহ্ন,চোখ,চোখের মতন স্পিচ বাবল,প্রত্যক্ষদর্শী,সাক্ষী,স্পিচ বাবল
🗨️	smileys	balloon,bubble,dialog,left,speech,left speech bubble	কথা বলার বামদিকের বুদবুদ,ডায়ালগ,বক্তৃতা,বুদবুদ
🗯️	smileys	anger,angry,balloon,bubble,mad,right,right anger bubble	ক্রুদ্ধ,ক্ষিপ্ত,ডানে ক্রোধের বুদ্বুদ,বুদ্বুদ,বেলুন,রেগে বোম,রেগে যাওয়ার চিহ্ন
💭	smileys	balloon,bubble,cartoon,cloud,comic,daydream,decisions,dream,idea,invent,invention,realize,think,thoughts,wonder,thought balloon,thought,thought bubble,thinking	কমিক,থট বেলুন,বুদ্বুদ,বেলুন,ভাবনা,চিন্তা
💤	smileys	comic,good,goodnight,night,sleep,sleeping,sleepy,tired,zzz,snore	কমিক,ক্লান্ত,ঘুম পাচ্ছে,ঘুমন্ত,ঘুমন্ত অবস্থা,রাত হয়েছে,শুভরাত্রি,ঘুম,জেডজেড
👋	people	bye,cya,g2g,greetings,gtg,hand,hello,hey,hi,later,outtie,ttfn,ttyl,wave,yo,you,waving hand,waving,goodbye	দোলানো,নাড়ানো,বিদায় জানানো,শরীর,হাই,হাত,হ্যালো,হাত নাড়ানো,হাত নাড়া,বিদায়
🤚	people	back,backhand,hand,raised,raised back of hand,of,raised hand,stop,high five	হাত,হাত তোলা,হাতের পেছন দিক,থামুন
🖐️	people	finger,fingers,hand,raised,splayed,stop,hand with fingers splayed,with,five	অনেক হয়েছে,আঙ্গুল,আঙ্গুল প্রসারিত করে হাত তোলা,থাক,থাম,প্রসারিত করা,শরীর,হাত,পাঁচ
✋	people	5,five,hand,high,raised,stop,raised hand,high five	অনুগ্রহ করে থামুন,জিও কাকা,শরীর,হাত,হাত তোলা,থামুন
🖖	people	finger,hand,hands,salute,vulcan,vulcan salute,spock,star trek	আকার ইঙ্গিত,আঙ্গুল,ভালকান,ভ্যালকান স্যালুট,শরীর,হাত,স্পক
🫱	people	hand,handshake,hold,reach,right,rightward,rightwards,shake,rightwards hand	করমর্দন,ডান,ডানদিকে,হাত,হাত ধরা,হাত বাড়ানো,ডানদিকে হাত
🫲	people	hand,handshake,hold,left,leftward,leftwards,reach,shake,leftwards hand	করমর্দন,বাম,বামদিকে,হাত,হাত ধরো,বামদিকে হাত
🫳	people	dismiss,down,drop,dropped,hand,palm,pick,shoo,up,palm down hand	খারিজ,ছেড়ে দেওয়া,তাড়িয়ে দেওয়া,ফেলে দেওয়া,হাতের তালু নিচের দিকে করা হাত,হাতের তালু নীচের দিকে করা হাত
🫴	people	beckon,catch,come,hand,hold,know,lift,me,offer,palm,tell,palm up hand,up	অফার,আসা,প্রস্তাব দেওয়া,বলো,বেকন,লুফে নেওয়া,হাতটা ধরো,হাতের তালু উপরের দিকে করা হাত
🫷	people	block,five,halt,hand,high,hold,leftward,leftwards,pause,push,pushing,refuse,slap,stop,wait,leftwards pushing hand	অপেক্ষা করা,তালি দেওয়া,থামা,ধাক্কা,প্রত্যাখ্যান,বাম দিকে,হাত জোড় করা,হাত বাম দিকে সরানো
🫸	people	block,five,halt,hand,high,hold,pause,push,pushing,refuse,rightward,rightwards,slap,stop,wait,rightwards pushing hand	অপেক্ষা করা,ডানদিকে,তালি দেওয়া,থামা,ধাক্কা,প্রত্যাখ্যান,হাত জোড়া করা,হাত ডান দিকে সরানো
👌	people	awesome,bet,dope,fleek,fosho,got,gotcha,hand,legit,ok,okay,pinch,rad,sure,sweet,three,ok hand,perfect,nice	আঙ্গুলের ইশারা,খুব ভালো,জোশ,ঠিক আছে,দারুন,বাহ!,শরীর,হাত,হাতের ইশারা,ওকে
🤌	people	fingers,gesture,hand,hold,huh,interrogation,patience,pinched,relax,sarcastic,ugh,what,zip,pinched fingers,italian,chef kiss	অল্প একটু,আঙ্গুল,একটুখানি,কিঞ্চিৎ,চিমটিকাটা,জিজ্ঞেস করা,প্রকাশ ভঙ্গি,বিদ্রুপপূর্ণ,সামান্য,হাত,হাতের অঙ্গিভঙ্গি,হাতের ইশারা,হাতের ভঙ্গি,আঙুল
🤏	people	amount,bit,fingers,hand,little,pinching,small,sort,pinching hand,pinch,tiny	অল্প একটু,একটু খানি,এত টুকু,চিমটি কাটা হাত,সামান্য,হাত,ছোট
✌️	people	hand,peace,v,victory,victory hand,two	জয়,জেতার চিহ্ন,ভি আকার,শরীর,হাত,হাতে জয়ের চিহ্ন করা,শান্তি,বিজয়,ভি
🤞	people	cross,crossed,finger,fingers,hand,luck,crossed fingers,hope,wish	আঙ্গুল,আশা করি,আশা করি যেন হয়,ইস হয়ে যায় যেন,ভাগ্য,ভাগ্যের শিকে ছেঁঁড়া,হাত,শুভকামনা,আশা
🫰	people	<3,crossed,expensive,finger,hand,heart,index,love,money,snap,thumb,hand with index finger and thumb crossed,with,and	অর্থ,ছবি,টাকা,বুড়ো আঙুলের সঙ্গে তর্জনী ঘোরানো হাত,ভালোবাসা,মূল্যবান,হৃদয়
🤟	people	fingers,gesture,hand,ily,love,love-you,three,you,love-you gesture,love you,rock	প্রেম,ভালবাসা,ভালবাসার ইঙ্গিত,ভালোবাসা,স্মাইলি,হাত,ভালোবাসি,রক
🤘	people	finger,hand,horns,rock-on,sign,sign of the horns,of,the,rock,metal	আঙ্গুল,মন মাতান,রক-অন,শরীর,শিং,হর্ণ দেওয়ার চিহ্ন,হাত,হাতের ইশারা,হাতের ভঙ্গি,রক
🤙	people	call,hand,hang,loose,me,shaka,call me hand,call me,hang loose	কল,কল কর,ফোন কোরো,হাত,ফোন করো
👈	people	backhand,finger,hand,index,left,point,pointing,backhand index pointing left,point left,direction	আঙ্গুল,বামে ইশারা করা উল্টো হাতের তর্জনী,ব্যাকহ্যান্ড,শরীর,সূচক,হাত,বাম,নির্দেশ
👉	people	backhand,finger,hand,index,point,pointing,right,backhand index pointing right,point right,direction	আঙ্গুল,আঙ্গুল দিয়ে দেখানো,ডানদিকে ইশারা করা,ডানে ইশারা করা উল্টো হাতের তর্জনী,পয়েন্ট,ব্যাকহ্যান্ড,শরীর,সূচক,হাত,ডান,নির্দেশ
👆	people	backhand,finger,hand,index,point,pointing,up,backhand index pointing up,point up,above	আঙুল দিয়ে উপরের দিকে ইশারা করা,আঙ্গুল,আপ,পয়েন্ট,ব্যাকহ্যান্ড,হাত,উপর,নির্দেশ
🖕	people	finger,hand,middle,middle finger	আঙ্গুল,মধ্যমা,মিডিল ফিঙ্গার,শরীর,হাত
👇	people	backhand,down,finger,hand,index,point,pointing,backhand index pointing down,point down,below	আঙুল দিয়ে নীচের দিকে ইশারা করা,আঙ্গুল,নিচের দিকে,নিচের দিকে দেখানো,পয়েন্ট,ব্যাকহ্যান্ড,হাত,নিচ,নির্দেশ
☝️	people	finger,hand,index,point,pointing,this,up,index pointing up,index up,one,first	আঙ্গুল,আপ,উপরের দিকে ইশারা করা,উপরের দিকে দেখানো,পয়েন্ট,শরীর,হাত,এক,প্রথম
🫵	people	at,finger,hand,index,pointing,poke,viewer,you,index pointing at the viewer,the	আঙ্গুল,উদ্দেশ্য,এই যে,খোঁচা মারা,তুমি,দর্শকদের দিকে উদ্দ্যেশ্য করে তর্জনী,পয়েন্ট
👍	people	+1,good,hand,like,thumb,up,yes,thumbs up,thumbs,approve,ok	+1,উর্দ্ধমুখী,একদম ঠিক,ঠিক আছে,থাম্বস আপ,দারুন,পছন্দ হয়েছে,বুড়ো আঙ্গুল,ভালো করেছো,হাতের ভঙ্গি,লাইক,ভালো,হ্যাঁ,বুড়ো আঙুল
👎	people	-1,bad,dislike,down,good,hand,no,nope,thumb,thumbs,thumbs down,disapprove	1,থাম্বস ডাউন,না কখনই না,নিম্নমুখী,ভালো করতে পারোনি,ডিসলাইক,খারাপ,না
✊	people	clenched,fist,hand,punch,raised,solidarity,raised fist,power,protest	আঙ্গুল সামনের দিকে করে মুড়ে রাখা,কিল,ঘুসি,মুষ্টাঘাত,মুষ্টিবদ্ধ,শরীর,হাত,মুষ্টি,শক্তি,প্রতিবাদ
👊	people	absolutely,agree,boom,bro,bruh,bump,clenched,correct,fist,hand,knuckle,oncoming,pound,punch,rock,ttyl,oncoming fist,fist bump	কিল,ঘুঁসি,ঘুঁসি মারা,মুষ্টাঘাত,মুষ্টিবদ্ধ,শরীর,হাত,ঘুষি,মুষ্টি
🤛	people	fist,left-facing,leftwards,left-facing fist,left fist,bump	ঘুঁষি,ঘুসি,বাঁদিকে,বাঁদিকে ঘুঁষি মারা,মুষ্টি
🤜	people	fist,right-facing,rightwards,right-facing fist,right fist,bump	ঘুঁষি,ঘুঁষি মারা,ঘুসি,ডানদিকে,ডানদিকে ঘঁষি মারা,হাত,মুষ্টি
👏	people	applause,approval,awesome,clap,congrats,congratulations,excited,good,great,hand,homie,job,nice,prayed,well,yay,clapping hands,clapping,hands,bravo,praise	শরীর,হাত,হাত জোড় করে তালি বাজানো,হাততালি,তালি,অভিনন্দন,সাধুবাদ
🙌	people	celebration,gesture,hand,hands,hooray,praise,raised,raising,raising hands,raised hands,celebrate	অঙ্গভঙ্গি,আনন্দ ধ্বনি করা,উত্থিত,উদযাপন করা,ব্যক্তি হাত তুলে আছে,শরীর,হাত,উল্লাস,উদযাপন
🫶	people	<3,hands,heart,love,you,heart hands	প্রেম,ভালোবাসা,হৃদয়াকৃতির হাত
👐	people	hand,hands,hug,jazz,open,swerve,open hands	খোলা,জড়িয়ে ধরতে,শরীর,হাত,খোলা হাত
🤲	people	cupped,dua,hands,palms,pray,prayer,together,up,wish,palms up together,palms up,cupped hands	আঁজলা,দুই হাত একসাথে,দোয়া,প্রার্থনা,স্মাইলি,হাতের তালু একসাথে ওপরের দিকে,দোয়া,মোনাজাত
🤝	people	agreement,deal,hand,handshake,meeting,shake	করমর্দন,মিট করা,রাজি,হাত,হাত মেলানো,চুক্তি,হ্যান্ডশেক
🙏	people	appreciate,ask,beg,blessed,bow,cmon,five,folded,gesture,hand,high,please,pray,thanks,thx,folded hands,hands,namaste	অঙ্গভঙ্গি,অনুগ্রহ করে,জানতে চাওয়া,ধন্যবাদ,নমস্কার,মাথা নত,শরীর,হাত,হাত জোড় করা,প্রার্থনা,দোয়া
✍️	people	hand,write,writing,writing hand,pen,author	লেখা,লেখার হাত,শরীর,হাত,হাতে লেখা,কলম
💅	people	bored,care,cosmetics,done,makeup,manicure,nail,polish,whatever,nail polish,sassy,unbothered	নখ,নেইল পলিশ,নেল পলিশ,পালিশ,প্রসাধনী,ম্যানিকিউর,যত্ন,শরীর
🤳	people	camera,phone,selfie,photo	ক্যামেরা,ফোন,সেলফি,ছবি
💪	people	arm,beast,bench,biceps,bodybuilder,bro,curls,flex,gains,gym,jacked,muscle,press,ripped,strong,weightlift,flexed biceps,flexed,power,workout	কমিক,পেশী,বাইসেপ,বাঁকানো বাইসেপস,ব্যায়াম,মার্শেল,শরীর,শক্তি,ব্যায়াম,জিম
🦾	people	accessibility,arm,mechanical,prosthetic,mechanical arm	অ্যাক্সেসিবিলিটি,কৃত্রিম,যান্ত্রিক হাত,রোবটের হাত,হাত
🦿	people	accessibility,leg,mechanical,prosthetic,mechanical leg	অ্যাক্সেসিবিলিটি,কৃত্রিম,পা,যান্ত্রিক পা
🦵	people	bent,foot,kick,knee,leg,limb	অঙ্গ,পদক্ষেপ,পা,বাঁকানো পা,লাথি,হাঁটু
🦶	people	ankle,feet,foot,kick,stomp	গোড়ালি,চরণ,চলাচল,পা,পায়ের পাতা,পায়ের পাথা,রেগে পা ছোঁড়া,লাথি,হাঁটা
👂	people	body,ear,ears,hear,hearing,listen,listening,sound	কান,শরীর,শোনা
🦻	people	accessibility,aid,ear,hard,hearing,ear with hearing aid,with	অ্যাক্সেসিবিলিটি,কান,কানে কালা,কানে শোনার যন্ত্র,মানুষ ও শরীর,শোনার যন্ত্র,শ্রবণযন্ত্র,শ্রবণযন্ত্র সহ কান,হিয়ারিং এইড
👃	people	body,nose,noses,nosey,odor,smell,smells,sniff	গন্ধ,নাক,নাক গলানো,শরীর
🧠	people	brain,intelligent,smart,mind	চিন্তা,বুদ্ধি,বুদ্ধিমত্তা,বুদ্ধিমান,ব্রেইন,মগজ,মস্তিষ্ক,স্মাইলি,স্মার্ট,মন
🫀	people	anatomical,beat,cardiology,heart,heartbeat,organ,pulse,real,red,anatomical heart	অঙ্গ,অ্যানাটমিকাল,আন্তরিক,কেন্দ্র,পাল্স,লাল,সাহস,হার্টবিট,হৃৎস্পন্দন,হৃদয়,হৃদযন্ত্র,হৃদিবিজ্ঞান
🫁	people	breath,breathe,exhalation,inhalation,lung,lungs,organ,respiration	অঙ্গ,প্রশ্বাস,ফুসফুস,শ্বাস,শ্বাসত্যাগ,শ্বাসযন্ত্র
🦷	people	dentist,pearly,teeth,tooth,white	দন্ত-চিকিৎসক,দন্তচিকিত্সক,দাঁত,মুক্তাপূর্ণ,সাদা
🦴	people	bone,bones,dog,skeleton,wishbone	কঙ্কাল,কঙ্কালসার,হাড়
👀	people	body,eye,eyes,face,googly,look,looking,omg,peep,see,seeing,watch,observe	চোখ,চোখ গুলি,মুখ,শরীর,দেখা,তাকানো
👁️	people	1,body,eye,one,look,see	চোখ,শরীর,দেখা
👅	people	body,lick,slurp,tongue	জিভ,শরীর
👄	people	beauty,body,kiss,kissing,lips,lipstick,mouth	কিস,চুমু,ঠোট,ঠোঁট,মুখ,শরীর
🫦	people	anxious,bite,biting,fear,flirt,flirting,kiss,lip,lipstick,nervous,sexy,uncomfortable,worried,worry,biting lip	অস্বস্তিকর,উদ্বেগপূর্ণ,কি করি,চিন্তিত,চুমু,ঠোঁট,দাঁত দিয়ে কমড়ানো ঠোঁট,প্রেমের ভান করা,ফ্লার্ট করা,বিচলিত,ভয়
👶	people	babies,baby,children,goo,infant,newborn,pregnant,young,child	নবজাতক,বাচ্চা,শিশু,সদ্যজাত
🧒	people	bright-eyed,child,grandchild,kid,young,younger	বাচ্চা,বেবি,ব্যক্তি,মানুষ,যুবক,লিঙ্গ- নিরপেক্ষ,শিশু
👦	people	boy,bright-eyed,child,grandson,kid,son,young,younger	ছেলে,পুরুষ,যুবক,বালক
👧	people	bright-eyed,child,daughter,girl,granddaughter,kid,virgo,young,younger,zodiac	উজ্জ্বল চোখ,কন্যারাশি,কুমারী,তরুণী,মহিলা,মেয়ে,যুবতী,রাশিচক্র,মেয়ে,বালিকা
🧑	people	adult,person,human	পূর্ণবয়স্ক,প্রাপ্তবয়স্ক,বড়,ব্যক্তি,মানুষ,লিঙ্গ-নিরপেক্ষ
👱	people	blond,blond-haired,human,person,blond hair,hair	কেশ,চুল,ব্যক্তি,স্বর্ণকেশী চুল,মানুষ,মুখ,সোনালী চুল,স্বর্ণ-কেশী ব্যক্তি,স্বর্ণকেশী
👨	people	adult,bro,man,male,father	নর,পুরুষ,প্রেমিক,বন্ধু,মুখ,লোক,বাবা
🧔	people	beard,bearded,person,whiskers	দাড়ি,দাড়িওয়ালা,দাড়িওয়ালা পুরুষ,ব্যক্তি,মানুষ,স্মাইলি,দাড়িওয়ালা ব্যক্তি
🧔‍♂️	people	beard,bearded,man,whiskers	দাড়ি,পুরুষ	🧔
🧔‍♀️	people	beard,bearded,whiskers,woman	দাড়ি,মহিলা	🧔
👨‍🦰	people	adult,bro,man,red hair,red,hair	নর,পুরুষ,প্রেমিক,বন্ধু,মুখ,লাল চুল	🧑‍🦰
👨‍🦱	people	adult,bro,curly hair,man,curly,hair	কোঁকড়া চুল,নর,পুরুষ,প্রেমিক,বন্ধু,মুখ	🧑‍🦱
👨‍🦳	people	adult,bro,man,white hair,white,hair	নর,পুরুষ,প্রেমিক,বন্ধু,মুখ,সাদা চুল	🧑‍🦳
👨‍🦲	people	adult,bald,bro,man	নর,নেড়া,পুরুষ,প্রেমিক,বন্ধু,মুখ	🧑‍🦲
👩	people	adult,lady,woman,female,mother	নারী,মহিলা,সোনালী চুলের মহিলা,স্বর্ণকেশী,মা
👩‍🦰	people	adult,lady,red hair,woman,red,hair	নারী,মহিলা,লাল চুল,সোনালী চুলের মহিলা,স্বর্ণকেশী	🧑‍🦰
🧑‍🦰	people	adult,person,red hair,red,hair	পূর্ণবয়স্ক,প্রাপ্তবয়স্ক,বড়,ব্যক্তি,মানুষ,লাল চুল,লিঙ্গ-নিরপেক্ষ
👩‍🦱	people	adult,curly hair,lady,woman,curly,hair	কোঁকড়া চুল,নারী,মহিলা,সোনালী চুলের মহিলা,স্বর্ণকেশী	🧑‍🦱
🧑‍🦱	people	adult,curly hair,person,curly,hair	কোঁকড়া চুল,পূর্ণবয়স্ক,প্রাপ্তবয়স্ক,বড়,ব্যক্তি,মানুষ,লিঙ্গ-নিরপেক্ষ
👩‍🦳	people	adult,lady,white hair,woman,white,hair	নারী,মহিলা,সাদা চুল,সোনালী চুলের মহিলা,স্বর্ণকেশী	🧑‍🦳
🧑‍🦳	people	adult,person,white hair,white,hair	পূর্ণবয়স্ক,প্রাপ্তবয়স্ক,বড়,ব্যক্তি,মানুষ,লিঙ্গ-নিরপেক্ষ,সাদা চুল
👩‍🦲	people	adult,bald,lady,woman	নারী,নেড়া,মহিলা,সোনালী চুলের মহিলা,স্বর্ণকেশী	🧑‍🦲
🧑‍🦲	people	adult,bald,person	নেড়া,পূর্ণবয়স্ক,প্রাপ্তবয়স্ক,বড়,ব্যক্তি,মানুষ,লিঙ্গ-নিরপেক্ষ
👱‍♀️	people	blond,blond-haired,blonde,hair,woman,blond hair	চুল,ব্যক্তি,মহিলা,স্বর্ণকেশী,মেয়ে,স্মাইলি	👱
👱‍♂️	people	blond,blond-haired,hair,man,blond hair	ছেলে,পুরুষ,স্বর্ণকেশী চুল,স্বর্ণকেশ,স্বর্ণকেশ ওয়ালা পুরুষ	👱
🧓	people	adult,elderly,grandparent,old,person,wise,older person,older,senior	প্রাপ্ত বয়স্ক,বড় প্রাপ্তবয়স্ক,বয়স্ক,ব্যক্তি,মানুষ,লিঙ্গ-নিরপেক্ষ,স্মাইলি,বৃদ্ধ,বয়স্ক
👴	people	adult,bald,elderly,gramps,grandfather,grandpa,man,old,wise,old man	দাদা,নানা,পুরুষ,বয়স্ক,বুড়ো,বৃদ্ধ,বৃদ্ধ পুরুষ
👵	people	adult,elderly,grandma,grandmother,granny,lady,old,wise,woman,old woman	দাদী,নানী,বয়স্ক নারী,বৃদ্ধ মহিলা,বৃদ্ধা,দাদি,নানি
🙍	people	annoyed,disappointed,disgruntled,disturbed,frown,frowning,frustrated,gesture,irritated,person,upset,person frowning	অঙ্গভঙ্গি,অসন্তুষ্ট,ইঙ্গিত,কষ্ট পাওয়া,ক্রোধি ব্যক্তি,নারী,নিরাশ হওয়া,বিষণ্ণ,ব্যক্তির ভ্রূ কুচঁকানো,ভুরু কোঁচকানো,ভ্রূ কুচঁকানো,মন খারাপ করা,হতাশ
🙍‍♂️	people	annoyed,disappointed,disgruntled,disturbed,frown,frowning,frustrated,gesture,irritated,man,upset,man frowning	অঙ্গিভঙ্গি,অসন্তুষ্ট,ছেলে,ছেলে ভুরু কুঁচকানো,পুরুষ,বিভ্রান্তি,বিরক্ত,ভুরু কুঁচকানো	🙍
🙍‍♀️	people	annoyed,disappointed,disgruntled,disturbed,frown,frowning,frustrated,gesture,irritated,upset,woman,woman frowning	অঙ্গিভঙ্গি,ভুরু কুঁচকানো,মহিলা,মেয়ে ভুরু কুঁচকানো,মেয়ে	🙍
🙎	people	disappointed,downtrodden,frown,grimace,person,pouting,scowl,sulk,upset,whine,person pouting	অঙ্গভঙ্গি,অভিমান করা,আশা পূর্ণ না করা,তিরস্কার করা,নিরাশ করা,পাউট করা,বিস্ফারিত চোখ,বিস্ফুরিত ব্যক্তি,ভ্রু কোঁচকানো,মুখ গোমড়া করা,হতাশা
🙎‍♂️	people	disappointed,downtrodden,frown,grimace,man,pouting,scowl,sulk,upset,whine,man pouting	অঙ্গিভঙ্গি,ছেলে,পাউটিং,পুরুষ,ছেলে পাউটিং,ব্যক্তি,মানুষ,মুখ বাঁকানো,স্মাইলি	🙎
🙎‍♀️	people	disappointed,downtrodden,frown,grimace,pouting,scowl,sulk,upset,whine,woman,woman pouting	অঙ্গিভঙ্গি,পাউটিং,মহিলা,মেয়ে পাউটিং,মেয়ে	🙎
🙅	people	forbidden,gesture,hand,no,not,person,prohibit,person gesturing no,gesturing	অঙ্গভঙ্গি,ইঙ্গিত,ঈশারা,কখনই না,কোনও সুযোগ নেই,না,না এর অঙ্গভঙ্গি,নিষিদ্ধ,নিষেধ করা,হাত
🙅‍♂️	people	forbidden,gesture,hand,man,no,not,prohibit,man gesturing no,gesturing	অঙ্গভঙ্গি,অঙ্গিভঙ্গি,অবৈধ,না,নিষিদ্ধ,পুরুষ,পুরুষের দেখানো ঠিক নেই অঙ্গিভঙ্গি,পুরুষের দেখানো না এর অঙ্গিভঙ্গি,ব্যক্তি,মানুষ,স্মাইলি,হাত	🙅
🙅‍♀️	people	forbidden,gesture,hand,no,not,prohibit,woman,woman gesturing no,gesturing	অঙ্গিভঙ্গি,ঠিক নেই,নিষিদ্ধ,মহিলা,মহিলার দেখানো ঠিক নেই অঙ্গিভঙ্গি	🙅
🙆	people	exercise,gesture,gesturing,hand,ok,omg,person,person gesturing ok	অঙ্গভঙ্গি,ওকে,ওকের অঙ্গভঙ্গি,ঠিক আছে,হাত,হায় আল্লাহ্‌,হায় ভগবান,হায় রে
🙆‍♂️	people	exercise,gesture,gesturing,hand,man,ok,omg,man gesturing ok	অঙ্গিভঙ্গি,ছেলে,ঠিক আছে,পুরুষ,পুরুষের দেখানো ঠিক আছে অঙ্গিভঙ্গি,ব্যক্তি,ব্যায়াম,মানুষ,শরীরচর্চা,স্মাইলি,হাত	🙆
🙆‍♀️	people	exercise,gesture,gesturing,hand,ok,omg,woman,woman gesturing ok	অঙ্গিভঙ্গি,ঠিক আছে,মহিলা,মহিলার দেখানো ঠিক আছে অঙ্গিভঙ্গি,হাত	🙆
💁	people	fetch,flick,flip,gossip,hand,person,sarcasm,sarcastic,sassy,seriously,tipping,whatever,person tipping hand	আড্ডা,কটাক্ষ,কুৎসা রটনা,গল্প,গুজব ছড়ানো,তথ্য,তথ্য ডেস্কের ব্যক্তি,পরচর্চা,পরনিন্দা,প্রাণবন্ত,বিদ্রূপ,ব্যঙ্গ করা,সহায়তা,সাহায্য,হাত
💁‍♂️	people	fetch,flick,flip,gossip,hand,man,sarcasm,sarcastic,sassy,seriously,tipping,whatever,man tipping hand	চুল,ছেলে,ছেলেদের টিপ চাওয়া,টিপ চাওয়া,পুরুষ,ব্যক্তি,ব্যঙ্গাত্মক,মজাদার,মানুষ,যাই হোক,স্মাইলি	💁
💁‍♀️	people	fetch,flick,flip,gossip,hand,sarcasm,sarcastic,sassy,seriously,tipping,whatever,woman,woman tipping hand	টিপ চাওয়া,মজাদার,মহিলা,মেয়ে,মেয়েদের টিপ চাওয়া	💁
🙋	people	gesture,hand,here,know,me,person,pick,question,raise,raising,person raising hand	অঙ্গভঙ্গি,আমাকে,আমি,আমি পারি,উত্থিত,এই যে,খুশি,জিজ্ঞাসা করা,ঠিক এখানে,সমস্যা,সুখি ব্যক্তি যিনি হাত তুলেছেন,হাত,হাত উঠানো,হাত তোলা
🙋‍♂️	people	gesture,hand,here,know,man,me,pick,question,raise,raising,man raising hand	অঙ্গভঙ্গি,অঙ্গিভঙ্গি,ছেলে,ছেলেদের হাত তোলা,পুরুষ,ব্যক্তি,স্মাইলি,হাত,হাত তোলা	🙋
🙋‍♀️	people	gesture,hand,here,know,me,pick,question,raise,raising,woman,woman raising hand	অঙ্গিভঙ্গি,মহিলা,মেয়েদের হাত তোলা,হাত,হাত তোলা	🙋
🧏	people	accessibility,deaf,ear,gesture,hear,person,deaf person	অ্যাক্সেসিবিলিটি,কান,কানে কম শোনে,কানে কালা,কানে কালা ব্যক্তি,শুনতে পায় না,শোনা
🧏‍♂️	people	accessibility,deaf,ear,gesture,hear,man,deaf man	কানে কম শোনা ব্যক্তি,কানে কালা,পুরুষ	🧏
🧏‍♀️	people	accessibility,deaf,ear,gesture,hear,woman,deaf woman	কানে কালা,কানে কালা মহিলা,মহিলা	🧏
🙇	people	apology,ask,beg,bow,bowing,favor,forgive,gesture,meditate,meditation,person,pity,regret,sorry,person bowing	অঙ্গভঙ্গি,অনুনয় করা,অনুশোচনা,ক্ষমা প্রার্থনা,দুঃখিত,দুঃখিত হওয়া,ব্যক্তির প্রণাম,মাথা নত,মেডিটেশন
🙇‍♂️	people	apology,ask,beg,bow,bowing,favor,forgive,gesture,man,meditate,meditation,pity,regret,sorry,man bowing	অঙ্গিভঙ্গি,ছেলেদর মাথা নত করা,দুঃখিত,পুরুষ,মাপ চাওয়া	🙇
🙇‍♀️	people	apology,ask,beg,bow,bowing,favor,forgive,gesture,meditate,meditation,pity,regret,sorry,woman,woman bowing	অঙ্গিভঙ্গি,দুঃখিত,ধ্যান,মহিলা,মাথা নত করা,মাপ চাওয়া,মেয়েদের মাথা নত করা	🙇
🤦	people	again,bewilder,disbelief,exasperation,facepalm,no,not,oh,omg,person,shock,smh,person facepalming,facepalming	অবিশ্বাস,বিরক্তি,বিস্মিত হওয়া,মাথায়,হতবাক,হাত,হায় আল্লাহ্‌,হায় ঈশ্বর,হায় ভগবান,মাথায় হাত
🤦‍♂️	people	again,bewilder,disbelief,exasperation,facepalm,man,no,not,oh,omg,shock,smh,man facepalming,facepalming	অবিশ্বাস,ওহ না,কপালে হাত,কষ্ট পাওয়া,ক্রোধ,ছেলে,ছেলেদের কপালে হাত,পুরুষ,মাথায় হাত,হতবাক,হায় আল্লাহ্‌,হায় ঈশ্বর,হায় ভগবান	🤦
🤦‍♀️	people	again,bewilder,disbelief,exasperation,facepalm,no,not,oh,omg,shock,smh,woman,woman facepalming,facepalming	অবিশ্বাস,ওহ না,কপালে হাত,কষ্ট পাওয়া,ক্রোধ,মহিলা,মাথায় হাত,মেয়ে,মেয়েদের কপালে হাত,সন্দেহ,হতবাক,হায় আল্লাহ্‌,হায় ঈশ্বর,হায় ভগবান	🤦
🤷	people	doubt,dunno,guess,idk,ignorance,indifference,knows,maybe,person,shrug,shrugging,whatever,who,person shrugging	অজ্ঞান,অনিশ্চয়তা,অনিশ্চিত,উদাসীনতা,কাঁধ নাড়িয়ে উত্তরল দেওয়া,ঠিক জানি না,দ্বিধাগ্রস্ত,যাই হোক,সম্ভবত,সংশয়,হয়তো
🤷‍♂️	people	doubt,dunno,guess,idk,ignorance,indifference,knows,man,maybe,shrug,shrugging,whatever,who,man shrugging	অবিশ্বাস,আমি জানি না,উদাসীনতা,কাঁধ ঝাঁকানো,ছেলে,ছেলেদের কাঁধ ঝাঁকানো,জানি না,পুরুষ,সন্দেহ,সম্ভবত,সংশয়	🤷
🤷‍♀️	people	doubt,dunno,guess,idk,ignorance,indifference,knows,maybe,shrug,shrugging,whatever,who,woman,woman shrugging	অজ্ঞতা,অবিশ্বাস,উদাসীনতা,কাঁধ ঝাঁকানো,ব্যক্তি,মহিলা,মেয়ে,মেয়েদের কাঁধ ঝাঁকানো,সন্দেহ,সম্ভবত,সংশয়	🤷
🧑‍⚕️	people	doctor,health,healthcare,nurse,therapist,worker,health worker,medic	ডাক্তার,থেরাপিস্ট,নার্স,স্বাস্থ্যকর্মী,হেল্থকেয়ার,চিকিৎসক
👨‍⚕️	people	doctor,health,healthcare,man,nurse,therapist,worker,man health worker	ডাক্তার,থেরাপিস্ট,নার্স,পরিচর্যা,পুরুষ,পুরুষ স্বাস্থ্য কর্মী,ব্যক্তি,মানুষ,স্বাস্থ্য কর্মী,স্বাস্থ্য পরিচর্যা,স্মাইলি	🧑‍⚕️
👩‍⚕️	people	doctor,health,healthcare,nurse,therapist,woman,worker,woman health worker	ডাক্তার,থেরাপিস্ট,নার্স,ব্যক্তি,মহিলা,মহিলা স্বাস্থ্য কর্মী,মানুষ,স্বাস্থ্য,স্বাস্থ্য কর্মী,স্বাস্থ্য পরিচর্যা,স্মাইলি	🧑‍⚕️
🧑‍🎓	people	graduate,student,graduation,cap	ছাত্র-ছাত্রী,বিদ্যার্থী,স্নাতক,ছাত্র,শিক্ষার্থী
👨‍🎓	people	graduate,man,student,man student	গ্র্যাজুয়েট,ছাত্র,ছেলে,পুরুষ,স্টুডেন্ট,স্নাতক	🧑‍🎓
👩‍🎓	people	graduate,student,woman,woman student	গ্রাজুয়েশন,ছাত্রী,মহিলা,স্নাতক	🧑‍🎓
🧑‍🏫	people	instructor,lecturer,professor,teacher	অধ্যাপক,উপদেষ্টা,শিক্ষক
👨‍🏫	people	instructor,lecturer,man,professor,teacher,man teacher	অধ্যাপক,ইনস্ট্রাকটর,ছেলে,পুরুষ,প্রফেসর,শিক্ষক	🧑‍🏫
👩‍🏫	people	instructor,lecturer,professor,teacher,woman,woman teacher	অধ্যাপিকা,ইনস্ট্রাকটর,প্রফেসর,মহিলা,শিক্ষক,শিক্ষিকা	🧑‍🏫
🧑‍⚖️	people	judge,justice,law,scales	তুলাদণ্ড,বিচারক,বিচারপতি
👨‍⚖️	people	judge,justice,law,man,scales,man judge	ছেল,ছেলে,তুলাদণ্ড,দাঁড়িপাল্লা,পুরুষ,পুরুষ বিচারক,বিচার,ব্যক্তি,মানুষ,স্মাইলি	🧑‍⚖️
👩‍⚖️	people	judge,justice,law,scales,woman,woman judge	তুলাদণ্ড,দাঁড়িপাল্লা,বিচার,ব্যক্তি,মহিলা,মহিলা বিচারক,মানুষ,মেয়ে,স্মাইলি	🧑‍⚖️
🧑‍🌾	people	farmer,gardener,rancher,agriculture,crops	কৃষক,খামারের মালিক,মালী,চাষি
👨‍🌾	people	farmer,gardener,man,rancher,man farmer	কৃষক,চাষী,ছেলে,পুরুষ,মালি	🧑‍🌾
👩‍🌾	people	farmer,gardener,rancher,woman,woman farmer	কৃষক,খামারের মালিক,চাষী,মহিলা,মালি,মেয়ে	🧑‍🌾
🧑‍🍳	people	chef,cook,kitchen	রাঁধুনী,শেফ,বাবুর্চি,রাঁধুনি
👨‍🍳	people	chef,cook,man,man cook	কুক,ছেলে,পুরুষ,পাচক,রাঁধুনি	🧑‍🍳
👩‍🍳	people	chef,cook,woman,woman cook	কুক,পাচক,মহিলা,মেয়ে,রাঁধুনি	🧑‍🍳
🧑‍🔧	people	electrician,mechanic,plumber,tradesperson	ইলেকট্রিশিয়ান,ছোট ব্যবসাদার,প্লামবার,মেকানিক
👨‍🔧	people	electrician,man,mechanic,plumber,tradesperson,man mechanic	ইলেকট্রিশিয়ান,ছেলে,পুরুষ,মেকানিক,ট্রেডপার্সন,প্লাম্বার	🧑‍🔧
👩‍🔧	people	electrician,mechanic,plumber,tradesperson,woman,woman mechanic	ইলেকট্রিশিয়ান,ট্রেডপার্সন,প্লাম্বার,ব্যক্তি,মহিলা,মেকানিক,মেয়ে	🧑‍🔧
🧑‍🏭	people	assembly,factory,industrial,worker,factory worker	কর্মী,কারখানা,কারখানার কর্মী,শিল্প,সমাগম
👨‍🏭	people	assembly,factory,industrial,man,worker,man factory worker	অ্যাসেমব্লি,ইনডাসট্রি,ইন্ডাস্ট্রি,কর্মি,কর্মী,কারখানা,ছেলে,পুরুষ,মিলের কর্মি,ফ্যাক্টরি	🧑‍🏭
👩‍🏭	people	assembly,factory,industrial,woman,worker,woman factory worker	অ্যাসেমব্লি,ইনডাসট্রি,ইন্ডাস্ট্রি,কর্মি,কর্মী,কারখানা,মহিলা,মিলের কর্মি,মেয়ে	🧑‍🏭
🧑‍💼	people	architect,business,manager,office,white-collar,worker,office worker	অফিস কর্মী,উচ্চ পদস্থ কর্মকর্তা,ব্যবসা,ম্যানেজার,স্থপতি
👨‍💼	people	architect,business,man,manager,office,white-collar,worker,man office worker	অফিস,অফিস কর্মী,আর্কিটেক্ট,ছেলে,পুরুষ,ব্যবসা,ম্যানেজার,হোয়াইট - কলার,অফিস কর্মি	🧑‍💼
👩‍💼	people	architect,business,manager,office,white-collar,woman,worker,woman office worker	অফিস,আর্কিটেক্ট,মহিলা,মহিলা অফিস কর্মী,মেয়ে,ম্যানেজার,হোয়াইট - কলার,অফিস কর্মি	🧑‍💼
🧑‍🔬	people	biologist,chemist,engineer,mathematician,physicist,scientist,researcher,lab	ইঞ্জিনিয়ার,কেমিস্ট,ফিজিসিস্ট,বায়োলজিস্ট,বৈজ্ঞানিক,বিজ্ঞানী,গবেষক
👨‍🔬	people	biologist,chemist,engineer,man,mathematician,physicist,scientist,man scientist	ইঞ্জিনিয়ার,গণিতজ্ঞ,ছেলে,জীববিজ্ঞানী,পুরুষ,প্রকৃতিবিজ্ঞানী,বিজ্ঞানী,রসায়নবিদ,পুরুষ বিজ্ঞানী	🧑‍🔬
👩‍🔬	people	biologist,chemist,engineer,mathematician,physicist,scientist,woman,woman scientist	ইঞ্জিনিয়ার,গণিতজ্ঞ,জীববিজ্ঞানী,বিজ্ঞানী,মহিলা,রসায়নবিদ,মহিলা বিজ্ঞানী	🧑‍🔬
🧑‍💻	people	coder,computer,developer,inventor,software,technologist,programmer,laptop	ইনভেন্টোর,কোডার,টেকনোলজিস্ট,ডেভেলপার,সফ্টওয়্যার,প্রোগ্রামার
👨‍💻	people	coder,computer,developer,inventor,man,software,technologist,man technologist	ইনভেন্টর,উদ্ভাবক,কোডার,ছেলে,পুরুষ টেকনোলজিস্ট,টেকনোলজিস্ট,ডেভেলপার,পুরুষ,সফটওয়্যার,সফ্টওয়্যার	🧑‍💻
👩‍💻	people	coder,computer,developer,inventor,software,technologist,woman,woman technologist	ইনভেন্টর,উদ্ভাবক,কোডার,টেকনোলজিস্ট,ডেভেলপার,মহিলা,মেয়ে,মহিলা টেকনোলজিস্ট,সফটওয়্যার,সফ্টওয়্যার	🧑‍💻
🧑‍🎤	people	actor,entertainer,rock,rockstar,singer,star,musician	অভিনেতা,এন্টারটেনার,গায়ক,রক,স্টার,গায়ক,শিল্পী
👨‍🎤	people	actor,entertainer,man,rock,rockstar,singer,star,man singer	অভিনেতা,এন্টাটেনার,গায়ক,ছেলে,পুরুষ গায়ক,পুরুষ,রক,স্টার	🧑‍🎤
👩‍🎤	people	actor,entertainer,rock,rockstar,singer,star,woman,woman singer	অভিনেতা,এন্টাটেনার,গায়ক,গায়িকা,মহিলা,মেয়ে,মহিলা গায়ক,রক,স্টার	🧑‍🎤
🧑‍🎨	people	artist,palette	প্যালেট,শিল্পি
👨‍🎨	people	artist,man,palette,man artist	ছেলে,পুরুষ শিল্পী,পুরুষ,প্যালেট,শিল্পী	🧑‍🎨
👩‍🎨	people	artist,palette,woman,woman artist	প্যালেট,মহিলা,মেয়ে,মহিলা শিল্পী,শিল্পী	🧑‍🎨
🧑‍✈️	people	pilot,plane	পাইলট,প্লেন
👨‍✈️	people	man,pilot,plane,man pilot	উড়োজাহাজ,ছেলে,পুরুষ পায়লট,পাইলট,পায়লট,পুরুষ,প্লেন,ব্যক্তি,মানুষ,স্মাইলি	🧑‍✈️
👩‍✈️	people	pilot,plane,woman,woman pilot	পাইলট,পায়লট,প্লেন,ব্যক্তি,মহিলা,মানুষ,মেয়ে,মহিলা পায়লট,স্মাইলি	🧑‍✈️
🧑‍🚀	people	astronaut,rocket,space	মহাকাশচারী,রকেট
👨‍🚀	people	astronaut,man,rocket,space,man astronaut	পুরুষ,মহাকাশচারী,রকেট,স্পেস,ছেলে,পুরুষ মহাকাশ অভিযাত্রী	🧑‍🚀
👩‍🚀	people	astronaut,rocket,space,woman,woman astronaut	মহাকাশ,মহাকাশযাত্রী,মহিলা,রকেট,মেয়ে মহাকাশ অভিযাত্রী	🧑‍🚀
🧑‍🚒	people	fire,firefighter,firetruck	দমকল,দমকলকর্মী
👨‍🚒	people	fire,firefighter,firetruck,man,man firefighter	অগ্নি নির্বাপক,ছেলে,পুরুষ ফায়ারফাইটার,পুরুষ,ফায়ারট্রাক,ফায়ারফাইটার	🧑‍🚒
👩‍🚒	people	fire,firefighter,firetruck,woman,woman firefighter	আগুন,দমকল,দমকলকর্মী,মহিলা,মেয়ে,মহিলা ফায়ারফাইটার	🧑‍🚒
👮	people	apprehend,arrest,citation,cop,law,officer,over,police,pulled,undercover,police officer	অফিসার,আইন,আটক,আধিকারিক,কর্মকর্তা,কানুন,গ্রেফতার,তলব,পুলিশ,মানুষ,শান্তিরক্ষক,পুলিশ অফিসার
👮‍♂️	people	apprehend,arrest,citation,cop,law,man,officer,over,police,pulled,undercover,man police officer	অফিসার,ছেলে,পুরুষ পুলিশ অফিসার,পুরুষ,পুলিস	👮
👮‍♀️	people	apprehend,arrest,citation,cop,law,officer,over,police,pulled,undercover,woman,woman police officer	অফিসার,আইন,আটক,আধিকারিক,আন্ডারকভার পুলিশ,গোপন পুলিশ,গ্রেফতার,চোরাগোপ্তা পুলিশ,পুলিস,মহিলা,মহিলা পুলিশ,মহিলা পুলিশ অফিসার,মেয়ে	👮
🕵️	people	detective,sleuth,spy,investigate	গুপ্তচর,গোয়েন্দা,গোয়েন্দা,রহস্য
🕵️‍♂️	people	detective,man,sleuth,spy,man detective	গুপ্তচর,ছেলে,পুরুষ ডিটেকটিভ,টিকটিকি,ডিটেকটিভ,পুরুষ	🕵️
🕵️‍♀️	people	detective,sleuth,spy,woman,woman detective	গুপ্তচর,গোয়েন্দা,টিকটিকি,ডিটেকটিভ,ব্যক্তি,মহিলা,মানুষ,মেয়ে,মহিলা ডিটেকটিভ,স্মাইলি	🕵️
💂	people	buckingham,guard,helmet,london,palace,royal guard	পাহারাদার,সৈনিক,রক্ষী,প্রহরী
💂‍♂️	people	buckingham,guard,helmet,london,man,palace,man guard	পুরুষ,প্রাসাদ,বাকিংহ্যাম,রক্ষী,লন্ডন,হেলমেট,ছেলে,পুরুষ গার্ড	💂
💂‍♀️	people	buckingham,guard,helmet,london,palace,woman,woman guard	গার্ড,বাকিংহাম,মহিলা,মেয়ে,মহিলা গার্ড,লন্ডন,হেলমেট	💂
🥷	people	assassin,fight,fighter,hidden,ninja,person,secret,skills,sly,soldier,stealth,war	কৌশলী,গুপ্ত,ঘাতক,জোয়ান,নিনজা,যুদ্ধ,লড়াই করা,লড়াকু,লুকোনো,লোক,সিপাহী,সৈনিক,হত্যাকারী
👷	people	build,construction,fix,hardhat,hat,man,person,rebuild,remodel,repair,work,worker,construction worker,builder,hard hat	কর্মচারী,কর্মী,কাজ করা,টুপি,তৈরি করা,নির্মাণ,নির্মাণ শ্রমিক,ভবন,মেরামত,রাজমিস্ত্রির কাজ,হেলমেট,হ্যাট,নির্মাণ কর্মী
👷‍♂️	people	build,construction,fix,hardhat,hat,man,rebuild,remodel,repair,work,worker,man construction worker	ছেলে,ছেলে নির্মাণ কর্মী,নির্মাণ,নির্মাণ কর্মী,পুরুষ	👷
👷‍♀️	people	build,construction,fix,hardhat,hat,man,rebuild,remodel,repair,woman,work,worker,woman construction worker	কর্মজীবী,গাঁথনি,নির্মাণ,নির্মাণ কর্মী,নির্মাণ শ্রমিক,ব্যক্তি,মহিলা,মেয়ে নির্মাণ কর্মী,মানুষ,মেয়ে,স্মাইলি	👷
🫅	people	crown,monarch,noble,person,regal,royal,royalty,person with crown,with	অধিরাজ,মহৎ,মুকুট পরা ব্যাক্তি,রাজকীয়,রাজপদ,রাজা,রানী
🤴	people	crown,fairy,fairytale,fantasy,king,prince,royal,royalty,tale	রাজপুত্র,রাজসিক
👸	people	crown,fairy,fairytale,fantasy,princess,queen,royal,royalty,tale	কল্পনা,রাজকুমারী,রূপকথা
👳	people	person,turban,wearing,person wearing turban	টুপি,পাগড়ি,পাগড়ি পরা ব্যক্তি,পুরুষ,ব্যক্তির মাথায় পাগড়ি লাগানো,মুখ,হ্যাট
👳‍♂️	people	man,turban,wearing,man wearing turban	ছেলে,পাগড়ি,পাগড়িওয়ালা,পুরুষ	👳
👳‍♀️	people	turban,wearing,woman,woman wearing turban	পাগড়ি,পাগড়িওয়ালি,ব্যক্তি,মহিলা,মেয়ে,স্মাইলি	👳
👲	people	cap,chinese,gua,guapi,hat,mao,person,pi,skullcap,person with skullcap,with	গুয়া পি মাও,চীনা টুপি মাথায় ব্যক্তি,টুপি,পুরুষ,ব্যক্তি,মানুষ,স্মাইলি
🧕	people	bandana,head,headscarf,hijab,kerchief,mantilla,tichel,woman,woman with headscarf,with	টেচেল,নেকাব,পর্দা,বরখা,ব্যক্তি,মাথারস্কার্ফ,মানুষ,ম্যানটিলা,স্কার্ফ পরা মহিলা,স্মাইলি,হিজাব
🤵	people	formal,person,tuxedo,wedding,person in tuxedo,in,groom	কোট পরা পুরুষ,নৈশ ভোজের পোশাক,পুরুষ,বিবাহের পাত্র,বো টাই,ব্যক্তি,সুট,সুট বুট পরা ব্যক্তি,বর,বিয়ে
🤵‍♂️	people	formal,groom,man,tuxedo,wedding,man in tuxedo,in	টাক্সেডো,টাক্সেডো পরা পুরুষ,পুরুষ	🤵
🤵‍♀️	people	formal,tuxedo,wedding,woman,woman in tuxedo,in	টাক্সেডো,টাক্সেডো পরা মহিলা,মহিলা	🤵
👰	people	person,veil,wedding,person with veil,with,bride	কনে,ঘোমটা,ঘোমটা পরা ব্যক্তি,নববধূ,বউ,বিবাহ,ব্যক্তি,বিয়ে
👰‍♂️	people	man,veil,wedding,man with veil,with	আবরণ,আবরণ পরা পুরুষ,পুরুষ	👰
👰‍♀️	people	bride,veil,wedding,woman,woman with veil,with	আবরণ,আবরণ পরা মহিলা,আবরণে ঢাকা মহিলা,মহিলা	👰
🤰	people	pregnant,woman,pregnant woman,expecting	গর্ভবতী,মহিলা,গর্ভবতী মহিলা
🫃	people	belly,bloated,full,man,overeat,pregnant,pregnant man	উদর,উদরপূর্তি,গর্ভবস্থা,গর্ভাবস্থায় পুরুষ,ভর্তি,স্ফীত
🫄	people	belly,bloated,full,overeat,person,pregnant,stuffed,pregnant person	উদর,উদরপূর্তি,গর্ভবস্থা,গর্ভাবস্থায় ব্যাক্তি,বেশি খাওয়া,ভর্তি,স্ফীত
🤱	people	baby,breast,breast-feeding,feeding,mom,mother,nursing,woman	মা ও শিশু,শিশু,শুশ্রুষা,স্তন,স্তন্যদান,স্তন্যপান,স্মাইলি
👩‍🍼	people	baby,feed,feeding,mom,mother,nanny,newborn,nursing,woman,woman feeding baby	আয়া,খাওয়ানো,দুগ্ধ,নবজাতক,পরিচর্যা,ভালোবাসা,মহিলা,মহিলা দুগ্ধ পান করাচ্ছেন,মা,শিশু	🧑‍🍼
👨‍🍼	people	baby,dad,father,feed,feeding,man,nanny,newborn,nursing,man feeding baby	আয়া,খাওয়ানো,ছেলে,দুধ,নবজাতক,পরিচর্যা,পিতা,পুরুষ,পুরুষ শিশুকে খাওয়াচ্ছেন,বাবা,ভালোবাসা,মানুষ,শিশু	🧑‍🍼
🧑‍🍼	people	baby,feed,feeding,nanny,newborn,nursing,parent,person feeding baby,person	একজন শিশুকে খাওয়াচ্ছেন,খাওয়ানো,খোকা,নবজাতক,পরিচর্যা,বাচ্চা,বাবা,বালক,ব্যক্তি,মা,শিশু,শিশুকে একজন খাওয়াচ্ছেন
👼	people	angel,baby,church,face,fairy,fairytale,fantasy,tale,baby angel	কল্পনা,দেবদূত,পরী,ফেরেশতা,বাচ্চা,মুখ,রূপকথা,শিশু অ্যাঞ্জেল,শিশু দেবদূত
🎅	people	celebration,christmas,claus,fairy,fantasy,father,holiday,merry,santa,tale,xmas,santa claus	উদযাপন করা,কল্পনা,ক্রিসমাস,বাবা,রূপকথা,সান্তা ক্লজ
🤶	people	celebration,christmas,claus,fairy,fantasy,holiday,merry,mother,mrs,santa,tale,xmas,mrs. claus,mrs.	ক্রিসমাস,খ্রিষ্টমাস,মা,মাদার খ্রিষ্টমাস,মিসেস ক্লজ,সান্তা ক্লজ
🧑‍🎄	people	celebration,christmas,claus,fairy,fantasy,holiday,merry,mx,santa,tale,xmas,mx claus	কল্স,ক্রিসমাস,বড় দিনের টুপি,বড়দিন,ব্যক্তি,মেরি ক্রিসমাস,ম্যাক্স ক্লস,লাল টুপি পরা মুখ,লোক,সান্তা,সান্তা ক্লজ,সান্তা ক্লজের টুপি,স্যান্টি
🦸	people	good,hero,superhero,superpower	কল্যাণ,নায়ক,প্রশংসনীয়,ব্যাটম্যান,ভালো,ভালো মানুষ,শক্তিশালী,সুপারপাওয়ার,সুপারম্যান,সুপারহিরো,হিরো,হিরোইন
🦸‍♂️	people	good,hero,man,superhero,superpower,man superhero	পুরুষ,পুরুষ সুপারহিরো,ভালো,সুপারপাওয়ার,হিরো	🦸
🦸‍♀️	people	good,hero,heroine,superhero,superpower,woman,woman superhero	ভালো,মহিলা,মহিলা সুপারহিরো,সুপারপাওয়ার,হিরো,হিরোইন	🦸
🦹	people	bad,criminal,evil,superpower,supervillain,villain	অপরাধী,অশুভ,অসৎ,উৎসুক,খলনায়ক,খারাপ লোক,দুষ্টু লোক,পাপী,ভিলেন,শয়তান,সুপারপাওয়ার,সুপারভিলেন
🦹‍♂️	people	bad,criminal,evil,man,superpower,supervillain,villain,man supervillain	অপরাধী,পুরুষ,পুরুষ সুপারভিলেন,ভিলেন,মন্দ,সুপারপাওয়ার	🦹
🦹‍♀️	people	bad,criminal,evil,superpower,supervillain,villain,woman,woman supervillain	অপরাধী,ভিলেন,মন্দ,মহিলা,মহিলা সুপারভিলেন,সুপারপাওয়ার	🦹
🧙	people	fantasy,mage,magic,play,sorcerer,sorceress,sorcery,spell,summon,witch,wizard	উইচ,উইজার্ড,কুহকী,জাদু,জাদুকর,জাদুকরী,ডাইনি,মায়াবিনী,মেজ
🧙‍♂️	people	fantasy,mage,magic,man,play,sorcerer,sorceress,sorcery,spell,summon,witch,wizard,man mage	উইজার্ড,জাদুকর,পুরুষ মেজ	🧙
🧙‍♀️	people	fantasy,mage,magic,play,sorcerer,sorceress,sorcery,spell,summon,witch,wizard,woman,woman mage	উইচ,জাদুকরী,মহিলা মেজ	🧙
🧚	people	fairy,fairytale,fantasy,myth,person,pixie,tale,wings	ওবোরন,গল্প,টাইটেনিয়া,দুষ্টু ছেলে,পরী,পাখা,রুপকথা
🧚‍♂️	people	fairy,fairytale,fantasy,man,myth,oberon,person,pixie,puck,tale,wings,man fairy	ওবোরন,ছেলে পরী,দুষ্টু ছেলে	🧚
🧚‍♀️	people	fairy,fairytale,fantasy,myth,person,pixie,tale,titania,wings,woman,woman fairy	টাইটেনিয়া,মহিলা পরী	🧚
🧛	people	blood,dracula,fangs,halloween,scary,supernatural,teeth,undead,vampire	আধমরা,ড্রাকুলা,বিষদাঁত,ভৌতিক,ভ্যাম্পায়ার,রক্ত,রক্তচোষা,স্মাইলি,হ্যালোউইন
🧛‍♂️	people	blood,fangs,halloween,man,scary,supernatural,teeth,undead,vampire,man vampire	আধমরা,ড্রাকুলা,পুরুষ ভ্যাম্পায়ার	🧛
🧛‍♀️	people	blood,fangs,halloween,scary,supernatural,teeth,undead,vampire,woman,woman vampire	আধমরা,মহিলা ভ্যাম্পায়ার	🧛
🧜	people	creature,fairytale,folklore,merperson,ocean,sea,siren,trident	পরীর গল্প,মৎস্য কন্যা,মারউইমেন,মারপার্সেন,মারমেড,মারমেন,রূপকথা,লোককাহিনী
🧜‍♂️	people	creature,fairytale,folklore,merman,neptune,ocean,poseidon,sea,siren,trident,triton	ট্রিটন,মারম্যান	🧜
🧜‍♀️	people	creature,fairytale,folklore,mermaid,merwoman,ocean,sea,siren,trident	মারউইমেন,মারমেড	🧜
🧝	people	elf,elves,enchantment,fantasy,folklore,magic,magical,myth	এল্ফ,জাদুকর,জাদুকরী,পরী,ব্যক্তি,মানুষ,স্মাইলি
🧝‍♂️	people	elf,elves,enchantment,fantasy,folklore,magic,magical,man,myth,man elf	জাদুকরী,পুরুষ এল্ফ	🧝
🧝‍♀️	people	elf,elves,enchantment,fantasy,folklore,magic,magical,myth,woman,woman elf	জাদুকরী,মহিলা এল্ফ	🧝
🧞	people	djinn,fantasy,genie,jinn,lamp,myth,rub,wishes	আশ্চর্য প্রদীপ,জিনি,জীনি,জ্বিন,জ্বীন জাতি,প্রদীপ ঘষা,রূপকথা
🧞‍♂️	people	djinn,fantasy,genie,jinn,lamp,man,myth,rub,wishes,man genie	জ্বীন জাতি,পুরুষ জীনি	🧞
🧞‍♀️	people	djinn,fantasy,genie,jinn,lamp,myth,rub,wishes,woman,woman genie	জ্বীন জাতি,মহিলা জীনি	🧞
🧟	people	apocalypse,dead,halloween,horror,scary,undead,walking,zombie	আধমরা,ওয়াকিং ডেড,জম্বি,ব্যক্তি,ভয়,ভয়ংকর,ভীতিকর,মানুষ,স্মাইলি,হ্যালোইন
🧟‍♂️	people	apocalypse,dead,halloween,horror,man,scary,undead,walking,zombie,man zombie	আধমরা,ওয়াকিং ডেড,পুরুষ জম্বি	🧟
🧟‍♀️	people	apocalypse,dead,halloween,horror,scary,undead,walking,woman,zombie,woman zombie	আধমরা,ওয়াকিং ডেড,মহিলা জম্বি	🧟
🧌	people	fairy,fantasy,monster,tale,troll,trolling	অতিমানবিক জীব,কাল্পনিক,ট্রোল,দানব,রাক্ষস,রূপকথা
🫈	people	bigfoot,cryptid,forest,giant,hairy,sasquatch,woodwose,yeti,hairy creature,creature	ইয়েতি,উডওস,ক্রিপ্টিড,দৈত্য,বন,বিগফুট,লোমশ,সাসক্যাচ,লোমশ দ্বিপদ
💆	people	face,getting,headache,massage,person,relax,relaxing,salon,soothe,spa,tension,therapy,treatment,person getting massage	আরাম,আরামদায়ক,একজন ব্যক্তি ম্যাসেজ পাচ্ছেন,চিকিৎসা,থেরাপি,প্রশান্তি,ফেস ম্যাসেজ,মাথাব্যথা,ম্যাসাজ,সেলুন,স্যালুন
💆‍♂️	people	face,getting,headache,man,massage,relax,relaxing,salon,soothe,spa,tension,therapy,treatment,man getting massage	আরাম,ছেলে,ছেলেদের ফেস মাসাজ,পুরুষ,ব্যক্তি,মাথা ব্যাথা,মানুষ,মাসাজ,মুখ,ম্যাসেজ,স্মাইলি	💆
💆‍♀️	people	face,getting,headache,massage,relax,relaxing,salon,soothe,spa,tension,therapy,treatment,woman,woman getting massage	মহিলা,মাসাজ,মুখ,মেয়ে,মেয়েদের ফেস মাসাজ	💆
💇	people	barber,beauty,chop,cosmetology,cut,groom,hair,haircut,parlor,person,shears,style,person getting haircut,getting	কাঁচি,কাটা,কেশ,চুল কাটা,চুল কাটাচ্ছে,নাপিত,পার্লার,প্রসাধন,বিউটিপার্লার,সেলুন,সৌন্দর্য্য,স্টাইল
💇‍♂️	people	barber,beauty,chop,cosmetology,cut,groom,hair,haircut,man,parlor,person,shears,style,man getting haircut,getting	চুল কাটা,ছেলে,ছেলেদের চুল কাটা,পুরুষ,ব্যক্তি,মানুষ,স্মাইলি	💇
💇‍♀️	people	barber,beauty,chop,cosmetology,cut,groom,hair,haircut,parlor,person,shears,style,woman,woman getting haircut,getting	চুল কাটা,মহিলা,মেয়ে,মেয়েদের চুল কাটা	💇
🚶	people	amble,gait,hike,man,pace,pedestrian,person,stride,stroll,walk,walking,person walking	অগ্রসর,চলমান,চলা,চলাফেরা,টহল দেওয়া,ধীর গতিতে হাঁটা,পথ চলা,পথচারী,পায়চারি করা,ব্যক্তির হাঁটা,ভবঘুরে,ভ্রমণ করা,হাঁটা,হেঁটে যাওয়া
🚶‍♂️	people	amble,gait,hike,man,pace,pedestrian,stride,stroll,walk,walking,man walking	ছেলে,ছেলেদের হাঁটা,পুরুষ,হনটন,হাঁটা	🚶
🚶‍♀️	people	amble,gait,hike,man,pace,pedestrian,stride,stroll,walk,walking,woman,woman walking	ঘোরা,মহিলা,মেয়ে,মেয়েদের হাঁটা,হনটন,হাইক,হাঁটা	🚶
🚶‍➡️	people	amble,facing,gait,hike,man,pace,pedestrian,person,right,stride,stroll,walk,walking,person walking,facing right	অগ্রসর,আছে,করে,চলমান,চলা,চলাফেরা,টহল দেওয়া,ডান,দিকে,ধীর গতিতে হাঁটা,পথ চলা,পথচারী,পায়চারি করা,ব্যক্তির হাঁটা,ভবঘুরে,ভ্রমণ করা,মুখ,হাঁটা,হেঁটে যাওয়া,ডান দিকে মুখ করে আছে
🚶‍♀️‍➡️	people	amble,facing,gait,hike,man,pace,pedestrian,right,stride,stroll,walk,walking,woman,woman walking,facing right	আছে,করে,ঘোরা,ডান,দিকে,মহিলা,মুখ,মেয়ে,মেয়েদের হাঁটা,হনটন,হাইক,হাঁটা,ডান দিকে মুখ করে আছে	🚶‍➡️
🚶‍♂️‍➡️	people	amble,facing,gait,hike,man,pace,pedestrian,right,stride,stroll,walk,walking,man walking,facing right	আছে,করে,ছেলে,ছেলেদের হাঁটা,ডান,দিকে,পুরুষ,মুখ,হনটন,হাঁটা,ডান দিকে মুখ করে আছে	🚶‍➡️
🧍	people	person,stand,standing,person standing	এক জন দাঁড়িয়ে আছে,দাঁড়ান,দাঁড়ানো,পকেটে হাত দিয়ে একজন দাঁড়িয়ে,পকেটে হাত দিয়ে দাঁড়িয়ে থাকা,মানুষ
🧍‍♂️	people	man,stand,standing,man standing	দাঁড়িয়ে থাকা,দাঁড়িয়ে থাকা পুরুষ,পুরুষ	🧍
🧍‍♀️	people	stand,standing,woman,woman standing	দাঁড়ানো,দাঁড়িয়ে থাকা মহিলা,মহিলা	🧍
🧎	people	kneel,kneeling,knees,person,person kneeling	মানুষ,হাঁটু গেড়ে,হাঁটু গেড়ে বসা,হাঁটু গেড়ে বসে থাকা মহিলা,হাঁটুতে ভর দিয়ে বসা
🧎‍♂️	people	kneel,kneeling,knees,man,man kneeling	পুরুষ,হাঁটু গেড়ে বসা,হাঁটু গেড়ে বসা পুরুষ	🧎
🧎‍♀️	people	kneel,kneeling,knees,woman,woman kneeling	মহিলা,হাঁটু গেড়ে বসা,হাঁটু গেড়ে বসা মহিলা	🧎
🧎‍➡️	people	facing,kneel,kneeling,knees,person,right,person kneeling,facing right	আছে,করে,ডান,দিকে,মানুষ,মুখ,হাঁটু গেড়ে,হাঁটু গেড়ে বসা,হাঁটু গেড়ে বসে থাকা মহিলা,হাঁটুতে ভর দিয়ে বসা,ডান দিকে মুখ করে আছে
🧎‍♀️‍➡️	people	facing,kneel,kneeling,knees,right,woman,woman kneeling,facing right	আছে,করে,ডান,দিকে,মহিলা,মুখ,হাঁটু গেড়ে বসা,হাঁটু গেড়ে বসা মহিলা,ডান দিকে মুখ করে আছে	🧎‍➡️
🧎‍♂️‍➡️	people	facing,kneel,kneeling,knees,man,right,man kneeling,facing right	আছে,করে,ডান,দিকে,পুরুষ,মুখ,হাঁটু গেড়ে বসা,হাঁটু গেড়ে বসা পুরুষ,ডান দিকে মুখ করে আছে	🧎‍➡️
🧑‍🦯	people	accessibility,blind,cane,person,probing,white,person with white cane,with	অন্ধ,অন্ধের ছড়ি,অ্যাকসেসিবিলিটি,সাদা ছড়ি নিয়ে ব্যক্ত
🧑‍🦯‍➡️	people	accessibility,blind,cane,facing,person,probing,right,white,person with white cane,facing right,with	অন্ধ,অন্ধের ছড়ি,অ্যাকসেসিবিলিটি,আছে,করে,ডান,দিকে,মুখ,সাদা ছড়ি নিয়ে ব্যক্ত,ডান দিকে মুখ করে আছে
👨‍🦯	people	accessibility,blind,cane,man,probing,white,man with white cane,with	অন্ধ,অ্যাক্সেসিবিলিটি,ছড়ি হাতে পুরুষ,পুরুষ,মানুষ,লাঠি হাতে অন্ধব্যক্তি,হাতে লাঠি	🧑‍🦯
👨‍🦯‍➡️	people	accessibility,blind,cane,facing,man,probing,right,white,man with white cane,facing right,with	অন্ধ,অ্যাক্সেসিবিলিটি,আছে,করে,ছড়ি হাতে পুরুষ,ডান,দিকে,পুরুষ,মানুষ,মুখ,লাঠি হাতে অন্ধব্যক্তি,হাতে লাঠি,ডান দিকে মুখ করে আছে	🧑‍🦯‍➡️
👩‍🦯	people	accessibility,blind,cane,probing,white,woman,woman with white cane,with	অন্ধ,অন্ধ মহিলা হাতে লাঠি,অ্যাক্সেসিবিলিটি,ছড়ি হাতে মহিলা,মহিলা,মানুষ	🧑‍🦯
👩‍🦯‍➡️	people	accessibility,blind,cane,facing,probing,right,white,woman,woman with white cane,facing right,with	অন্ধ,অন্ধ মহিলা হাতে লাঠি,অ্যাক্সেসিবিলিটি,আছে,করে,ছড়ি হাতে মহিলা,ডান,দিকে,মহিলা,মানুষ,মুখ,ডান দিকে মুখ করে আছে	🧑‍🦯‍➡️
🧑‍🦼	people	accessibility,motorized,person,wheelchair,person in motorized wheelchair,in	অ্যাকসেসিবিলিটি,মনিটর করা হুইলচেয়ার,হুইলচেয়ার
🧑‍🦼‍➡️	people	accessibility,facing,motorized,person,right,wheelchair,person in motorized wheelchair,facing right,in	অ্যাকসেসিবিলিটি,আছে,করে,ডান,দিকে,মনিটর করা হুইলচেয়ার,মুখ,হুইলচেয়ার,ডান দিকে মুখ করে আছে
👨‍🦼	people	accessibility,man,motorized,wheelchair,man in motorized wheelchair,in	অটোমেটিক হুইলচেয়ারে পুরুষ,অ্যাক্সেসিবিলিটি,পুরুষ,মানুষ,যান্ত্রিক হুইলচেয়ারে পুরুষ,হুইলচেয়ার	🧑‍🦼
👨‍🦼‍➡️	people	accessibility,facing,man,motorized,right,wheelchair,man in motorized wheelchair,facing right,in	অটোমেটিক হুইলচেয়ারে পুরুষ,অ্যাক্সেসিবিলিটি,আছে,করে,ডান,দিকে,পুরুষ,মানুষ,মুখ,যান্ত্রিক হুইলচেয়ারে পুরুষ,হুইলচেয়ার,ডান দিকে মুখ করে আছে	🧑‍🦼‍➡️
👩‍🦼	people	accessibility,motorized,wheelchair,woman,woman in motorized wheelchair,in	অটোমেটিক হুইলচেয়ারে মহিলা,অ্যাক্সেসিবিলিটি,মহিলা,মানুষ,যান্ত্রিক হুইলচেয়ারে মহিলা,হুইলচেয়ার	🧑‍🦼
👩‍🦼‍➡️	people	accessibility,facing,motorized,right,wheelchair,woman,woman in motorized wheelchair,facing right,in	অটোমেটিক হুইলচেয়ারে মহিলা,অ্যাক্সেসিবিলিটি,আছে,করে,ডান,দিকে,মহিলা,মানুষ,মুখ,যান্ত্রিক হুইলচেয়ারে মহিলা,হুইলচেয়ার,ডান দিকে মুখ করে আছে	🧑‍🦼‍➡️
🧑‍🦽	people	accessibility,manual,person,wheelchair,person in manual wheelchair,in	অ্যাকসেসিবিলিটি,ম্যানুয়াল হুইলচেয়ারে বসা ব্যক্তি,হুইলচেয়ার
🧑‍🦽‍➡️	people	accessibility,facing,manual,person,right,wheelchair,person in manual wheelchair,facing right,in	অ্যাকসেসিবিলিটি,আছে,করে,ডান,দিকে,মুখ,ম্যানুয়াল হুইলচেয়ারে বসা ব্যক্তি,হুইলচেয়ার,ডান দিকে মুখ করে আছে
👨‍🦽	people	accessibility,man,manual,wheelchair,man in manual wheelchair,in	অ্যাক্সেসিবিলিটি,পুরুষ,মানুষ,ম্যানুয়াল হুইলচেয়ারে পুরুষ,ম্যানুয়াল হুইলচেয়ারে মানুষ,হাতে ঠেলা হুইলচেয়ারে পুরুষ,হুইলচেয়ার	🧑‍🦽
👨‍🦽‍➡️	people	accessibility,facing,man,manual,right,wheelchair,man in manual wheelchair,facing right,in	অ্যাক্সেসিবিলিটি,আছে,করে,ডান,দিকে,পুরুষ,মানুষ,মুখ,ম্যানুয়াল হুইলচেয়ারে পুরুষ,ম্যানুয়াল হুইলচেয়ারে মানুষ,হাতে ঠেলা হুইলচেয়ারে পুরুষ,হুইলচেয়ার,ডান দিকে মুখ করে আছে	🧑‍🦽‍➡️
👩‍🦽	people	accessibility,manual,wheelchair,woman,woman in manual wheelchair,in	অ্যাক্সেসিবিলিটি,মহিলা,মানুষ,ম্যানুয়াল হুইলচেয়ারে মহিলা,হাতে ঠেলা হুইলচেয়ারে মহিলা,হুইলচেয়ার	🧑‍🦽
👩‍🦽‍➡️	people	accessibility,facing,manual,right,wheelchair,woman,woman in manual wheelchair,facing right,in	অ্যাক্সেসিবিলিটি,আছে,করে,ডান,দিকে,মহিলা,মানুষ,মুখ,ম্যানুয়াল হুইলচেয়ারে মহিলা,হাতে ঠেলা হুইলচেয়ারে মহিলা,হুইলচেয়ার,ডান দিকে মুখ করে আছে	🧑‍🦽‍➡️
🏃	people	fast,hurry,marathon,move,person,quick,race,racing,run,rush,speed,person running,running,jog	গতি,ছুটছে,ছুটে চলা,দৌড়,দৌড়বিদ,দৌড়রত,দৌড়ে যাওয়া,পলায়ন,ম্যারাথন,রেস,দৌড়,দ্রুত
🏃‍♂️	people	fast,hurry,man,marathon,move,quick,race,racing,run,rush,speed,man running,running	ছেলে,ছেলেদের দৌড়,দৌড়,পুরুষ,ম্যারাথন,রেসিং	🏃
🏃‍♀️	people	fast,hurry,marathon,move,quick,race,racing,run,rush,speed,woman,woman running,running	দৌড়,দ্রুত,ব্যক্তি,মহিলা,মানুষ,মেয়ে,মেয়েদের দৌড়,ম্যারাথন,রেসিং,স্মাইলি	🏃
🏃‍➡️	people	facing,fast,hurry,marathon,move,person,quick,race,racing,right,run,rush,speed,person running,facing right,running	আছে,করে,গতি,ছুটছে,ছুটে চলা,ডান,দিকে,দৌড়,দৌড়বিদ,দৌড়রত,দৌড়ে যাওয়া,পলায়ন,মুখ,ম্যারাথন,রেস,ডান দিকে মুখ করে আছে
🏃‍♀️‍➡️	people	facing,fast,hurry,marathon,move,quick,race,racing,right,run,rush,speed,woman,woman running,facing right,running	আছে,করে,ডান,দিকে,দৌড়,দ্রুত,ব্যক্তি,মহিলা,মানুষ,মুখ,মেয়ে,মেয়েদের দৌড়,ম্যারাথন,রেসিং,স্মাইলি,ডান দিকে মুখ করে আছে	🏃‍➡️
🏃‍♂️‍➡️	people	facing,fast,hurry,man,marathon,move,quick,race,racing,right,run,rush,speed,man running,facing right,running	আছে,করে,ছেলে,ছেলেদের দৌড়,ডান,দিকে,দৌড়,পুরুষ,মুখ,ম্যারাথন,রেসিং,ডান দিকে মুখ করে আছে	🏃‍➡️
🧑‍🩰	people	ballet,dancer,ballet dancer	ড্যান্সার,ব্যালে,ব্যালে ড্যান্সার
💃	people	dance,dancer,dancing,elegant,festive,flair,flamenco,groove,let’s,salsa,tango,woman,woman dancing,dancing woman	ডানসার,নর্তকী,নাচ,নৃত্যরত মহিলা,ব্যক্তি,নৃত্য
🕺	people	dance,dancer,dancing,elegant,festive,flair,flamenco,groove,let’s,man,salsa,tango,man dancing,dancing man,disco	নাচ,নাচছে,নৃত্যরত পুরুষ,পুরুষ,নৃত্য
🕴️	people	business,levitating,person,suit,person in suit levitating,in	পুরুষ,ব্যবসা,ব্যবসার জন্য স্যুট,ব্যবসার স্যুট পরিহিত ভাসমান মানুষ,স্যুট
👯	people	bestie,bff,bunny,counterpart,dancer,double,ear,identical,pair,party,partying,people,soulmate,twin,twinsies,people with bunny ears,with,ears	আত্মার বন্ধু,একইরকম,কান,খরগোশ,খরগোশের কান,জুড়ি,ঝোলা কানযুক্ত লোক,ডান্সার,নর্তকী,নৃত্য,নৃত্যশিল্পী,পার্টি,বেস্টী,মেয়ে,যমজ
👯‍♂️	people	bestie,bff,bunny,counterpart,dancer,double,ear,identical,men,pair,party,partying,people,soulmate,twin,twinsies,men with bunny ears,with,ears	ছেলে,ঝোলা কানযুক্ত পুরুষ,ডানসার,পার্টি,বানি ইয়ার,মানুষ,স্মাইলি	👯
👯‍♀️	people	bestie,bff,bunny,counterpart,dancer,double,ear,identical,pair,party,partying,people,soulmate,twin,twinsies,women,women with bunny ears,with,ears	ঝোলা কানযুক্ত নারি,ডানসার,পার্টি,বানি ইয়ার,মেয়ে	👯
🧖	people	day,luxurious,pamper,person,relax,room,sauna,spa,steam,steambath,unwind,person in steamy room,in,steamy	গোছল,বাষ্পস্নান,বাষ্পীয় রুম,বাষ্পীয় রুমে একজন,ব্যক্তি,মানুষ,সনা,স্নান,স্মাইলি
🧖‍♂️	people	day,luxurious,man,pamper,relax,room,sauna,spa,steam,steambath,unwind,man in steamy room,in,steamy	বাষ্পীয় রুম,বাষ্পীয় রুমে পুরুষ,সনা	🧖
🧖‍♀️	people	day,luxurious,pamper,relax,room,sauna,spa,steam,steambath,unwind,woman,woman in steamy room,in,steamy	বাষ্পীয় রুম,বাষ্পীয় রুমে মহিলা,সনা	🧖
🧗	people	climb,climber,climbing,mountain,person,rock,scale,up,person climbing,rock climbing,adventure	আরোহী,একজন উপরে উঠছে,পর্বতারোহণ,পর্বতারোহী,পাহাড়,মহিলা পর্বতারোহণ,মহিলা পর্বতারোহী,স্মাইলি,আরোহণ,পর্বত
🧗‍♂️	people	climb,climber,climbing,man,mountain,rock,scale,up,man climbing	আরোহী,পুরুষ আরোহী	🧗
🧗‍♀️	people	climb,climber,climbing,mountain,rock,scale,up,woman,woman climbing	আরোহী,মহিলা আরোহী	🧗
🤺	people	fencer,fencing,person,sword,person fencing	খেলা,তরওয়াল,তলোয়ার,তলোয়ার খেলোয়াড়,ব্যক্তি,লড়াইবাজ
🏇	people	horse,jockey,racehorse,racing,riding,sport,horse racing	ঘোড়া,ঘোড়া দৌড়,জকি,রেসিং
⛷️	people	ski,skier,snow	তুষারপাত,বরফ,স্কি,স্কিচালক,স্কেটিং
🏂	people	ski,snow,snowboard,snowboarder,sport	তুষারপাত,বরফ,স্কি,স্নো বর্ডার,স্নোবোর্ড
🏌️	people	ball,birdie,caddy,driving,golf,golfing,green,person,pga,putt,range,tee,person golfing	ক্যাডি,গর্তে ফেলা,গলফ,গলফ খেলা,গল্ফ,গল্ফ খেলছে,গল্ফার,গল্ফার খেলোয়াড়,গল্ফের খেলোয়াড়,ড্রাইভিং পরিসীমা,বল
🏌️‍♂️	people	ball,birdie,caddy,driving,golf,golfing,green,man,pga,putt,range,tee,man golfing	গল্ফ,ছেলে,ছেলেদের গল্ফ খেলা,পুরুষ	🏌️
🏌️‍♀️	people	ball,birdie,caddy,driving,golf,golfing,green,pga,putt,range,tee,woman,woman golfing	খেলা,গল্ফ,মহিলা,মানুষ,মেয়ে,মেয়েদের গল্ফ খেলা	🏌️
🏄	people	beach,ocean,person,sport,surf,surfer,surfing,swell,waves,person surfing	ক্রীড়া,খেলাধুলা,বীচ,ব্যক্তির সার্ফিং,মহাসাগর,সমুদ্র সৈকত,সমুদ্রতীর,সার্ফ করা,সার্ফার,সার্ফিং,স্পোর্টস
🏄‍♂️	people	beach,man,ocean,sport,surf,surfer,surfing,swell,waves,man surfing	ছেলে,ছেলেদের সার্ফিং,পুরুষ,সার্ফিং	🏄
🏄‍♀️	people	beach,ocean,person,sport,surf,surfer,surfing,swell,waves,woman surfing,woman	খেলাধুলা,ব্যক্তি,মহিলা,মেয়েদের সার্ফিং,সমুদ্র,সাগর,সার্ফিং	🏄
🚣	people	boat,canoe,cruise,fishing,lake,oar,paddle,person,raft,river,row,rowboat,rowing,person rowing boat	গোল নৌকা,ডিঙি নৌকা,তরী,দাঁড় টানা,দাঁড় বাওয়া নৌকা,নৌকা,নৌকা বাইচ,বৈঠা বাওয়া,বোট,ব্যক্তি দাঁড় বাইছে,মাছ ধরা,যানবাহন,হ্রদ
🚣‍♂️	people	boat,canoe,cruise,fishing,lake,man,oar,paddle,raft,river,row,rowboat,rowing,man rowing boat	ছেলে,নৌকা,পুরুষ,পুরুষদের নৌকা চালানো,বাইচের নৌকা	🚣
🚣‍♀️	people	boat,canoe,cruise,fishing,lake,oar,paddle,raft,river,row,rowboat,rowing,woman,woman rowing boat	কার্যকলাপ,জেলে,নদী,নৌকা,নৌকাবাইচ,বাইচের নৌকা,বিল,মহিলা,মাছ ধরা,মেয়েদের নৌকা চালানো,লেক,স্ত্রি	🚣
🏊	people	freestyle,person,sport,swim,swimmer,swimming,triathlon,person swimming,pool	ক্রীড়া,খেলাধুলা,জলে সাঁতার কাটা,পানি,ফ্রিস্টাইল,ব্যক্তি সাঁতার কাটছেন,সাঁতার কাটা,সাঁতারু,স্পোর্টস,সাঁতার,খেলা
🏊‍♂️	people	freestyle,man,sport,swim,swimmer,swimming,triathlon,man swimming	ছেলে,পুরুষ,পুরুষ সাঁতারু,সাঁতার	🏊
🏊‍♀️	people	freestyle,man,sport,swim,swimmer,swimming,triathlon,woman swimming,woman	খেলাধুলা,মহিলা,মহিলা সাঁতারু,সাঁতার,স্ত্রি	🏊
⛹️	people	athletic,ball,basketball,bouncing,championship,dribble,net,person,player,throw,person bouncing ball	খেলাধুলা,চ্যাম্পিয়নশিপ,নিক্ষেপ করা,বল,বল নিয়ে ব্যক্তি,বল বাউন্সিং,বল লাফানো,বাস্কেটবল,বাস্কেটবল খেলোয়াড়
⛹️‍♂️	people	athletic,ball,basketball,bouncing,championship,dribble,man,net,player,throw,man bouncing ball	ছেলে,ছেলেদের বল খেলা,পরুষ,বল	⛹️
⛹️‍♀️	people	athletic,ball,basketball,bouncing,championship,dribble,net,player,throw,woman,woman bouncing ball	খেলাধুলা,বল,ব্যক্তি,মহিলা,মেয়েদের বল খেলা,স্ত্রি	⛹️
🏋️	people	barbell,bodybuilder,deadlift,lifter,lifting,person,powerlifting,weight,weightlifter,weights,workout,person lifting weights,weight lifting,gym,strong	উত্তোলক ব্যক্তি,উত্তোলনকারী,ওজন,ওয়ার্কআউট,ডেডলিফট,পাওয়াররলিফটিং,বডিবিল্ডার,বারবেল,ব্যক্তি ওজন তুলছেন,ব্যায়াম,ভার,ভারোত্তোলক,ভারোত্তোলনকারী,ভারোত্তোলন,জিম,ব্যায়াম
🏋️‍♂️	people	barbell,bodybuilder,deadlift,lifter,lifting,man,powerlifting,weight,weightlifter,weights,workout,man lifting weights	ওয়েটলিফ্টার,ছেলে,ছেলেদের ওয়েইটলিফটিং,পুরুষ	🏋️
🏋️‍♀️	people	barbell,bodybuilder,deadlift,lifter,lifting,powerlifting,weight,weightlifter,weights,woman,workout,woman lifting weights	ওয়েটলিফ্টার,কার্যকলাপ,ব্যায়াম,ভার উত্তোলক,মহিলা,মেয়ে,মেয়েদের ওয়েইটলিফটিং,স্ত্রি,স্ত্রী	🏋️
🚴	people	bicycle,bicyclist,bike,biking,cycle,cyclist,person,riding,sport,person biking,cycling	ক্রীড়াবিদ,খেলাধুলা,বাইক,বাইসাইকেল,বাইসাইকেল আরোহী,সাইকেল,সাইকেল আরোহী,সাইকেল চালক,স্পোর্টস,খেলা
🚴‍♂️	people	bicycle,bicyclist,bike,biking,cycle,cyclist,man,riding,sport,man biking	ছেলে,ছেলেদের সাাইকেল চালানো,পুরুষ,বাইসাইকেল,সাইকেল	🚴
🚴‍♀️	people	bicycle,bicyclist,bike,biking,cycle,cyclist,riding,sport,woman,woman biking	কার্যকলাপ,খেলাধুলা,বাইক,বাইসাইকেল,মহিলা,মেয়েদের সাাইকেল চালানো,সাইকেল,স্ত্রি	🚴
🚵	people	bicycle,bicyclist,bike,biking,cycle,cyclist,mountain,person,riding,sport,person mountain biking	খেলাধুলা,পর্বত,পর্বতে সাইকেল আরোহী,পাহাড়,বাইক,বাইসাইকেল,ব্যক্তি পর্বতে সাইকেল চালাচ্ছে,সাইকেল,সাইকেল আরোহী,সাইকেল চালক,সাইক্লিস্ট,স্পোর্টস
🚵‍♂️	people	bicycle,bicyclist,bike,biking,cycle,cyclist,man,mountain,riding,sport,man mountain biking	ছেলেদের পাহাড়ে সাইকেল চালানো,পাহাড়,পুরুষ,বাইসাইকেেল,সাইকেল	🚵
🚵‍♀️	people	bicycle,bicyclist,bike,biking,cycle,cyclist,mountain,riding,sport,woman,woman mountain biking	খেলাধুলা,পাহাড়,বাইসাইকেেল,মহিলা,মেয়েদের পাহাড়ে সাইকেল চালানো,সাইকেল	🚵
🤸	people	active,cartwheel,cartwheeling,excited,flip,gymnastics,happy,person,somersault,person cartwheeling,flexible	আনন্দিত,উদ্দীপ্ত,উল্টানো,কার্টহুইল,খেলা,জিমন্যাস্ট,ডিগবাজি,ব্যক্তি,শরীর চর্চা,জিমন্যাস্টিকস
🤸‍♂️	people	active,cartwheel,cartwheeling,excited,flip,gymnastics,happy,man,somersault,man cartwheeling	আনন্দিত,একজন ছেলে কার্টহুইল করছে,কার্টহুইল,খেলাধুলা,চটপটে,জিমন্যাস্টিক,ডিগবাজী,পুরুষ,ব্যক্তি,ব্যায়াম,শরীরচর্চা	🤸
🤸‍♀️	people	active,cartwheel,cartwheeling,excited,flip,gymnastics,happy,somersault,woman,woman cartwheeling	আনন্দিত,একজন মেয়ে কার্টহুইল করছে,কার্টহুইল,ক্ষিপ্র,খেলাধুলা,চটপটে,জিমন্যাস্টিক,ডিগবাজী,ব্যক্তি,ব্যায়াম,মহিলা,শরীরচর্চা	🤸
🤼	people	combat,duel,grapple,people,ring,tournament,wrestle,wrestling,people wrestling	কুস্তি,কুস্তি টুর্নামেন্ট,কুস্তি প্রতিযোগিতা,কুস্তিগীর,খেলা,বিরোধ,ব্যক্তি,রেসলিং,স্পোর্টস
🤼‍♂️	people	combat,duel,grapple,men,ring,tournament,wrestle,wrestling,men wrestling	কুস্তি,কুস্তি প্রতিযোগিতা,খেলাধুলা,টুর্নামেন্ট,দ্বন্দ্ব,পুরুষ,পুরুষ কুস্তিগীর,প্রতিপক্ষ,ব্যক্তি,রেসলিং	🤼
🤼‍♀️	people	combat,duel,grapple,ring,tournament,women,wrestle,wrestling,women wrestling	কুস্তি,কুস্তি প্রতিযোগিতা,খেলাধুলা,নারী,প্রতিদ্বন্দ্বী,ব্যক্তি,মহিলা,মহিলা কুস্তিগীর,যুদ্ধ,রেসলিং,রেসলিং টুর্নামেন্ট,লড়াই	🤼
🤽	people	person,playing,polo,sport,swimming,water,waterpolo,person playing water polo	ওয়াটার,খেলা,খেলাধুলা,জল,জল ক্রীড়া,পানির খেলাধুলা,পোলো,ব্যক্তি,সাঁতার কাটা,স্পোর্টস,ওয়াটার পোলো
🤽‍♂️	people	man,playing,polo,sport,swimming,water,waterpolo,man playing water polo	ওয়াটার পোলো,ওয়াটার পোলো খেলছে এমন পুরুষ,খেলাধুলা,ছেলে,জল,জল ক্রীড়া,পানি,পুরুষ,পোলো,ব্যক্তি	🤽
🤽‍♀️	people	playing,polo,sport,swimming,water,waterpolo,woman,woman playing water polo	ওয়াটার পোলো,ওয়াটার পোলো খেলছে এমন মহিলা,খেলা,জল,জল ক্রীড়া,পানি,পোলো,মহিলা,সাঁতার কাটা,স্পোর্টস	🤽
🤾	people	athletics,ball,catch,chuck,handball,hurl,lob,person,pitch,playing,sport,throw,toss,person playing handball	ক্রীড়া,খেলা,চঞ্চল,ছুড়ে মারা,দুরন্ত,বল,ব্যক্তি,হ্যান্ডবল
🤾‍♂️	people	athletics,ball,catch,chuck,handball,hurl,lob,man,pitch,playing,sport,throw,toss,man playing handball	খেলাধুলা,পুরুষ,ব্যক্তি,মানুষ,হ্যান্ডবল,হ্যান্ডবল খেলছে এমন পুরুষ	🤾
🤾‍♀️	people	athletics,ball,catch,chuck,handball,hurl,lob,pitch,playing,sport,throw,toss,woman,woman playing handball	অ্যাথলেটিক্স,উপরে নিক্ষেপ করা,ক্রীড়াবিদ,খেলাধুলা,ছুড়ে মারা,ব্যক্তি,মহিলা,স্পোর্টস,হ্যান্ডবল,হ্যান্ডবল খেলছে এমন মহিলা	🤾
🤹	people	act,balance,balancing,handle,juggle,juggling,manage,multitask,person,skill,person juggling	এক সাথে অনেকগুলো কাজ করা,ছলনা,জাগলিং,দক্ষতা,নিয়ন্ত্রণ,প্রতারণা,ব্যালেন্স,ভেলকি,মাল্টিটাস্ক
🤹‍♂️	people	act,balance,balancing,handle,juggle,juggling,man,manage,multitask,skill,man juggling	এক সাথা অনেকগুলো কাজ করা,একসাথে একাধিক কাজ করা,ক্রীড়া,খেলাধুলা,জাগলিং,নিয়ন্ত্রণ,পরিচালনা,পুরুয,পুরুষ জাগলিং করছে,বশে আনা,বালক,ভারসাম্য	🤹
🤹‍♀️	people	act,balance,balancing,handle,juggle,juggling,manage,multitask,skill,woman,woman juggling	এক সাথা অনেকগুলো কাজ করা,খেলাধুলা,জাগলিং,মহিলা,মহিলা জাগলিং করছে	🤹
🧘	people	cross,legged,legs,lotus,meditation,peace,person,position,relax,serenity,yoga,yogi,zen,person in lotus position,in	আধ্যাত্মিক,ইয়োগা,ধ্যান,পদ্মাসন,পদ্মাসনে বসা ব্যক্তি,বাবু হয়ে বসা,যোগা,যোগ
🧘‍♂️	people	cross,legged,legs,lotus,man,meditation,peace,position,relax,serenity,yoga,yogi,zen,man in lotus position,in	ধ্যান,পদ্মাসনে বসা পুরুষ,যোগা	🧘
🧘‍♀️	people	cross,legged,legs,lotus,meditation,peace,position,relax,serenity,woman,yoga,yogi,zen,woman in lotus position,in	ধ্যান,পদ্মাসনে বসা মহিলা,যোগা	🧘
🛀	people	bath,bathtub,person,taking,tub,person taking bath	গোছল,বাথটব,ব্যক্তি স্নান করছে,স্নান
🛌	people	bed,bedtime,good,goodnight,hotel,nap,night,person,sleep,tired,zzz,person in bed,in	এবার ঘুমাব,কম্বল,খাট,ঘুম,ঘুমাচ্ছে,চাদর,বিছানায় শুয়ে,ব্যক্তি বিছানায় আছেন,লেপ,শোওয়া,হোটেল
🧑‍🤝‍🧑	people	bae,bestie,bff,couple,dating,flirt,friends,hand,hold,people,twins,people holding hands,holding,hands	জোড়া,ধরে থাকা,মানুষ,যুগল,হাত,হাত ধরে থাকা,হাত ধরে থাকা লোকেরা
👭	people	bae,bestie,bff,couple,dating,flirt,friends,girls,hand,hold,sisters,twins,women,women holding hands,holding,hands	জোড়,দুজন মহিলা হাত ধরে দাড়িয়ে আছে,ধরে রাখা,নারী,প্রিয় বন্ধু,বন্ধু,বেস্টফ্রেন্ড,বোন,যুগল,হাত
👫	people	bae,bestie,bff,couple,dating,flirt,friends,hand,hold,man,twins,woman,woman and man holding hands,and,holding,hands	কপত-কপতি,জোড়,ধরে রাখা,নারী,পুরুষ,প্রেমিক প্রেমিকা হাত ধরে,প্রেমে হাবুডুব,মহিলা ও পুরুষ হাত ধরে দাড়িয়ে আছে,যুগল,হাত
👬	people	bae,bestie,bff,boys,brothers,couple,dating,flirt,friends,hand,hold,men,twins,men holding hands,holding,hands	জোড়,দুজন পুরুষ,দুজন পুরুষ হার ধরে দাড়িয়ে আছে,পুরুষ,মিথুন,যমজ,রাশিচক্র,হাত,হাত ধরে থাকা
💏	people	anniversary,babe,bae,couple,date,dating,heart,kiss,love,mwah,person,romance,together,xoxo	কপল,কিস,চুমু,চুম্বন,জোড়,যুগল,রোমান্স
👩‍❤️‍💋‍👨	people	anniversary,babe,bae,couple,date,dating,heart,kiss,love,man,mwah,person,romance,together,woman,xoxo	কপল,কিস,চুমু,চুম্বন,জোড়,পুরুষ,মহিলা,যুগল,রোমান্স	💏
👨‍❤️‍💋‍👨	people	anniversary,babe,bae,couple,date,dating,heart,kiss,love,man,mwah,person,romance,together,xoxo	কপল,কিস,চুমু,চুম্বন,জোড়,পুরুষ,যুগল,রোমান্স	💏
👩‍❤️‍💋‍👩	people	anniversary,babe,bae,couple,date,dating,heart,kiss,love,mwah,person,romance,together,woman,xoxo	কপল,কিস,চুমু,চুম্বন,জোড়,মহিলা,যুগল,রোমান্স	💏
💑	people	anniversary,babe,bae,couple,dating,heart,kiss,love,person,relationship,romance,together,you,couple with heart,with	কিস,জোড়,ভালবাসা,যুগল,রোমান্স,হার্ট,হার্ট সহ দম্পতি
👩‍❤️‍👨	people	anniversary,babe,bae,couple,dating,heart,kiss,love,man,person,relationship,romance,together,woman,you,couple with heart,with	কিস,জোড়,পুরুষ,ভালবাসা,মহিলা,যুগল,রোমান্স,হার্ট,হার্ট সহ দম্পতি	💑
👨‍❤️‍👨	people	anniversary,babe,bae,couple,dating,heart,kiss,love,man,person,relationship,romance,together,you,couple with heart,with	কিস,জোড়,পুরুষ,ভালবাসা,যুগল,রোমান্স,হার্ট,হার্ট সহ দম্পতি	💑
👩‍❤️‍👩	people	anniversary,babe,bae,couple,dating,heart,kiss,love,person,relationship,romance,together,woman,you,couple with heart,with	কিস,জোড়,ভালবাসা,মহিলা,যুগল,রোমান্স,হার্ট,হার্ট সহ দম্পতি	💑
👨‍👩‍👦	people	boy,child,family,man,woman	ছেলে,পরিবার,পুরুষ,বাবা,মহিলা,মা,শিশু,সন্তান	👪
👨‍👩‍👧	people	child,family,girl,man,woman,parents	পরিবার,পুরুষ,বাবা,মহিলা,মা,মেয়ে,শিশু,সন্তান,মা বাবা	👪
👨‍👩‍👧‍👦	people	boy,child,family,girl,man,woman,parents,children	ছেলে,পরিবার,পুরুষ,বাবা,মহিলা,মা,মেয়ে,শিশু,সন্তান	👪
👨‍👩‍👦‍👦	people	boy,child,family,man,woman	ছেলে,পরিবার,পুরুষ,বাবা,মহিলা,মা,শিশু,সন্তান	👪
👨‍👩‍👧‍👧	people	child,family,girl,man,woman	পরিবার,পুরুষ,বাবা,মহিলা,মা,মেয়ে,শিশু,সন্তান	👪
👨‍👨‍👦	people	boy,child,family,man	ছেলে,পরিবার,পুরুষ,বাবা,মা,শিশু,সন্তান	👪
👨‍👨‍👧	people	child,family,girl,man	পরিবার,পুরুষ,বাবা,মা,মেয়ে,শিশু,সন্তান	👪
👨‍👨‍👧‍👦	people	boy,child,family,girl,man	ছেলে,পরিবার,পুরুষ,বাবা,মা,মেয়ে,শিশু,সন্তান	👪
👨‍👨‍👦‍👦	people	boy,child,family,man	ছেলে,পরিবার,পুরুষ,বাবা,মা,শিশু,সন্তান	👪
👨‍👨‍👧‍👧	people	child,family,girl,man	পরিবার,পুরুষ,বাবা,মা,মেয়ে,শিশু,সন্তান	👪
👩‍👩‍👦	people	boy,child,family,woman	ছেলে,পরিবার,বাবা,মহিলা,মা,শিশু,সন্তান	👪
👩‍👩‍👧	people	child,family,girl,woman	পরিবার,বাবা,মহিলা,মা,মেয়ে,শিশু,সন্তান	👪
👩‍👩‍👧‍👦	people	boy,child,family,girl,woman	ছেলে,পরিবার,বাবা,মহিলা,মা,মেয়ে,শিশু,সন্তান	👪
👩‍👩‍👦‍👦	people	boy,child,family,woman	ছেলে,পরিবার,বাবা,মহিলা,মা,শিশু,সন্তান	👪
👩‍👩‍👧‍👧	people	child,family,girl,woman	পরিবার,বাবা,মহিলা,মা,মেয়ে,শিশু,সন্তান	👪
👨‍👦	people	boy,child,family,man	ছেলে,পরিবার,পুরুষ,বাবা,মা,শিশু,সন্তান	👪
👨‍👦‍👦	people	boy,child,family,man	ছেলে,পরিবার,পুরুষ,বাবা,মা,শিশু,সন্তান	👪
👨‍👧	people	child,family,girl,man	পরিবার,পুরুষ,বাবা,মা,মেয়ে,শিশু,সন্তান	👪
👨‍👧‍👦	people	boy,child,family,girl,man	ছেলে,পরিবার,পুরুষ,বাবা,মা,মেয়ে,শিশু,সন্তান	👪
👨‍👧‍👧	people	child,family,girl,man	পরিবার,পুরুষ,বাবা,মা,মেয়ে,শিশু,সন্তান	👪
👩‍👦	people	boy,child,family,woman	ছেলে,পরিবার,বাবা,মহিলা,মা,শিশু,সন্তান	👪
👩‍👦‍👦	people	boy,child,family,woman	ছেলে,পরিবার,বাবা,মহিলা,মা,শিশু,সন্তান	👪
👩‍👧	people	child,family,girl,woman	পরিবার,বাবা,মহিলা,মা,মেয়ে,শিশু,সন্তান	👪
👩‍👧‍👦	people	boy,child,family,girl,woman	ছেলে,পরিবার,বাবা,মহিলা,মা,মেয়ে,শিশু,সন্তান	👪
👩‍👧‍👧	people	child,family,girl,woman	পরিবার,বাবা,মহিলা,মা,মেয়ে,শিশু,সন্তান	👪
🗣️	people	face,head,silhouette,speak,speaking,speaking head	কথা,কথা বলা,কথা বলা মুখ,কথারত,ছায়া,মাথা,মুখ,হাত
👤	people	bust,mysterious,shadow,silhouette,bust in silhouette,in	আবক্ষ,ছায়া,ছায়াময়,রহস্যময়,সিলুয়েটে আবক্ষ মূর্তি
👥	people	bff,bust,busts,everyone,friend,friends,people,silhouette,busts in silhouette,in	আবক্ষ,ছায়া,বন্ধু,সিলুয়েটে আবক্ষ মূর্তিগুলি
🫂	people	comfort,embrace,farewell,friendship,goodbye,hello,hug,hugging,love,people,thanks,people hugging	আদর-যত্ন,আলিঙ্গন,কোলাকুলি,জাপটাজাপটি,ধন্যবাদ,প্রেম,বন্ধন,বন্ধুত্ব,বিদায়,ভালোবাসা,সান্ত্বনা,হ্যালো
👪	people	child,family	পরিবার,বাবা,মা,শিশু,সন্তান
🧑‍🧑‍🧒	people	adult,child,family	পরিবার,প্রাপ্তবয়স্ক,সাবালক,শিশু	👪
🧑‍🧑‍🧒‍🧒	people	adult,child,family	পরিবার,প্রাপ্তবয়স্ক,সাবালক,শিশু,সন্তান	👪
🧑‍🧒	people	adult,child,family	পরিবার,প্রাপ্তবয়স্ক,শিশু	👪
🧑‍🧒‍🧒	people	adult,child,family	পরিবার,প্রাপ্তবয়স্ক,শিশু,সন্তান	👪
👣	people	barefoot,clothing,footprint,footprints,omw,print,walk	ছাপ,পায়ের ছাপ,পোশাক,শরীর
🫆	people	clue,crime,detective,fingerprint,forensics,identity,mystery,print,safety,trace	আঙুলের ছাপ,নিরাপত্তা,পরিচয়,ফরেনসিক,ফিঙ্গারপ্রিন্ট
🐵	animals	animal,banana,face,monkey,monkey face,ape	আকর্ষণীয়,উৎসুক,পশুপাখি,বাঁদরের মুখ,বানর,মুখ,হনুমান
🐒	animals	animal,banana,monkey	কলা,পশুপাখি,বাঁদর,বানর
🦍	animals	animal,gorilla	গোরিলা,পশু,পশুপাখি,শিম্পাঞ্জি
🦧	animals	animal,ape,monkey,orangutan	উল্লুক,ওরাংওটাং,ওরাংওটান,জীব ও প্রকৃতি,জীবজন্তু,প্রাণী,বানর,শিম্পাঞ্জি
🐶	animals	adorbs,animal,dog,face,pet,puppies,puppy,dog face,woof	কুকুর,কুকুরের মুখ,পশুপাখি,পোষ্য,মুখ,পোষা প্রাণী
🐕	animals	animal,animals,dog,dogs,pet	কুকুর,পশুপাখি,পোষ্য
🦮	animals	accessibility,animal,blind,dog,guide,guide dog	অন্ধ,অ্যাক্সেসিবিলিটি,কুকুর,গাইড,জীব ও প্রকৃতি,জীবজন্তু,পথপ্রদর্শক,ব্লাইন্ড,পথপ্রদর্শক কুকুর
🐕‍🦺	animals	accessibility,animal,assistance,dog,service,service dog	অ্যাক্সেসিবিলিটি,অ্যাসিসটেন্স,কুকুর,জীব ও প্রকৃতি,জীবজন্তু,পুলিশের কুকুর,সার্ভিস,সার্ভিস ডগ,স্নিফার ডগ
🐩	animals	animal,dog,fluffy,poodle	কুকুর,পশুপাখি,পুডল
🐺	animals	animal,face,wolf	নেকড়ে,নেকড়ের মুখ,পশুপাখি,প্রাণী,মুখ,শেয়ালের মুখ
🦊	animals	animal,face,fox,clever,sly	পশুপাখি,মুখ,শিয়াল,শেয়াল,শেয়ালের মুখ,শিয়াল,চতুর
🦝	animals	animal,curious,raccoon,sly	উৎসুক,কৌতূহল,গুপ্তচর,ধূর্ত,প্রাণী,রেকুন
🐱	animals	animal,cat,face,kitten,kitty,pet,cat face,meow	পশুপাখি,পোষ্য,প্রাণী,বিড়াল,বিড়ালের মুখ,মুখ,বিড়াল,পোষা প্রাণী,মিউ
🐈	animals	animal,animals,cat,cats,kitten,pet,feline	পশুপাখি,পোষ্য,বিড়াল,বিড়াল,পোষা প্রাণী
🐈‍⬛	animals	animal,black,cat,feline,halloween,meow,unlucky,black cat	কালো,কালো বিড়াল,দুর্ভাগ্য,পশু,প্রাণী,বেড়াল,মিউ,কালো বেড়াল,কালো বিড়াল
🦁	animals	alpha,animal,face,leo,lion,mane,order,rawr,roar,safari,strong,zodiac,king	পশুপাখি,মুখ,রাশিচক্র,সিংহ,সিংহরাশি,সিংহের মুখ,রাজা
🐯	animals	animal,big,cat,face,predator,tiger,tiger face,stripes	বড় বিড়াল,বাঘ,বাঘের মুখ,মুখ
🐅	animals	animal,big,cat,predator,tiger,zoo,bengal tiger,wild	পশুপাখি,বাঘ,রয়েল বেঙ্গল
🐆	animals	animal,big,cat,leopard,predator,zoo	চিতাবাঘ,পশুপাখি
🐴	animals	animal,dressage,equine,face,farm,horse,horses,horse face,pony	ঘোড়া,ঘোড়ার মুখ,ফার্ম,মুখ,ঘোড়া
🫎	animals	alces,animal,antlers,elk,mammal,moose	এল্ক,পশু,মুস,শিং,স্তন্যপায়ী,হরিণ
🫏	animals	animal,ass,burro,donkey,hinny,mammal,mule,stubborn	একগুঁয়ে,খচ্চর,গাধা,পশু,বুরো,স্তন্যপায়ী
🐎	animals	animal,equestrian,farm,horse,racehorse,racing	ঘোড়দৌড়,ঘোড়দৌড়ের ঘোড়া,ঘোড়া,পশুপাখি
🦄	animals	face,unicorn,magic,fantasy	ইউনিকর্ন,পশুপাখি,প্রকৃতি,মুখ,জাদু
🦓	animals	animal,stripe,zebra	জেব্রা,ডোরাকাটা,পশু,পশুপাখি
🦌	animals	animal,deer	ঙরিণ,পশু,পশুপাখি,প্রাণী,হরিণ
🦬	animals	animal,bison,buffalo,herd,wisent	জানোয়ার,জীবজন্তু,পশু,পশুর পাল,প্রাণী,বন্য ষাঁড়,বাইসন,বুনো মোষ,মহিষ,মোষ,ষাঁড়
🐮	animals	animal,cow,face,farm,milk,moo,cow face	গরু,গরুর মুখ,দুধ,মুখ,হাম্বা,খামার
🐂	animals	animal,animals,bull,farm,ox,taurus,zodiac	বৃষরাশি,রাশিচক্র,ষাড়,ষাঁড়
🐃	animals	animal,buffalo,water,zoo,water buffalo	জল,জলহস্তী,পশুপাখি,প্রাণী,মহিষ
🐄	animals	animal,animals,cow,farm,milk,moo	গরু,গোয়াল
🐷	animals	animal,bacon,face,farm,pig,pork,pig face,oink	পশুপাখি,মুখ,শুয়োর,শূকর,শূকরের মুখ,খামার
🐖	animals	animal,bacon,farm,pig,pork,sow	পশু,পশুপাখি,মোটা,শূকর,শূকরী
🐗	animals	animal,boar,pig	পশুপাখি,বন্য শূকর,শুয়োর,শূকর
🐽	animals	animal,face,farm,nose,pig,smell,snout,pig nose	নাক,মুখ,শূকর,শূকরের নাক
🐏	animals	animal,aries,horns,male,ram,sheep,zodiac,zoo	পশুপাখি,ভেড়া,মেষ,রামছাগল,রাশিচক্র
🐑	animals	animal,baa,ewe,farm,female,fluffy,lamb,sheep,wool	উল,পশুপাখি,ভেড়া,ভেড়ী
🐐	animals	animal,capricorn,farm,goat,milk,zodiac	ছাগল,পশুপাখি,প্রাণী,মকর রাশি,রাম ছাগল,রাশিচক্র
🐪	animals	animal,camel,desert,dromedary,hump,one	আরবী উট,উট,কুঁজ,পশুপাখি
🐫	animals	animal,bactrian,camel,desert,hump,two,two-hump,two-hump camel	উট,কুঁজ,দুই কুঁজবিশিষ্ট উট,পশুপাখি
🦙	animals	alpaca,animal,guanaco,llama,vicuña,wool	আলপাকা,গুয়ানাকো,পশম,প্রাণী,ভিকুনা,লামা
🦒	animals	animal,giraffe,spots,tall,neck	জিরাফ,ডট ডট,পশুপাখি,প্রাণী,লম্বা
🐘	animals	animal,elephant,big,trunk	পশুপাখি,প্রাণী,হাতি,বড়
🦣	animals	animal,extinction,large,mammoth,tusk,wooly	জীবজন্তু,পশু,প্রাণী,বড়,বিরাট,বিলোপ,বিশাল,লুপ্ত লোমশ হাতি,লোমশ,হাতি,হাতির দাঁত
🦏	animals	animal,rhinoceros	গণ্ডার,গন্ডার,পশু,পশুপাখি
🦛	animals	animal,hippo,hippopotamus	জলহস্তী,প্রাণী,লহস্তী,হিপোপটেমাস
🐭	animals	animal,face,mouse,mouse face,rodent	ইঁদুরের মুখ,নেংটি ইঁদুর,পশুপাখি,মুখ,ইঁদুর
🐁	animals	animal,animals,mouse	ইঁদুর,নেংটি ইঁদুর,পশুপাখি
🐀	animals	animal,rat	ইঁদুর,মাউস,পশুপাখি
🐹	animals	animal,face,hamster,pet,rodent	ধেড়ে ইঁদুর,পশুপাখি,পোষ্য,মুখ,হ্যামস্টার,হ্যামস্টারের মুখ
🐰	animals	animal,bunny,face,pet,rabbit,rabbit face,easter	খরগোশ,খরগোশের মুখ,খরগোসের মুখ,পোষ্য,মুখ
🐇	animals	animal,bunny,pet,rabbit	খরগোশ,খরগোস,পোষ্য
🐿️	animals	animal,chipmunk,squirrel	কাঠবিড়াল,কাঠবিড়ালি,পশুপাখি,প্রাণী
🦫	animals	animal,beaver,dam,teeth	দাঁত,ধেড়ে ইঁদুর,প্রাণী,বাঁধ,বিভার,বীভার
🦔	animals	animal,hedgehog,spiny	কন্টকময়,কাঁটা,কাঁটাওয়ালা,পশু,পশুপাখি,শজারু,সজারু
🦇	animals	animal,bat,vampire	পশু,বাদুড়,বাদুর,বাঁদুর,রক্তচোষা
🐻	animals	animal,bear,face,grizzly,growl,honey	পশুপাখি,ভল্লুক,ভালুক,মুখ
🐻‍❄️	animals	animal,arctic,bear,polar,white,polar bear	পোলার বিয়ার,ভল্লুক,মেরু ভল্লুক,সাদা,সুমেরু
🐨	animals	animal,australia,bear,down,face,koala,marsupial,under	কোয়ালা,পশুপাখি,ভালুক,কোয়ালা
🐼	animals	animal,bamboo,face,panda,china,cute	পশুপাখি,পান্ডা,মুখ
🦥	animals	lazy,sloth,slow	অলস,কুঁড়ে,জঙ্গল,জীবজন্তু,ঢিলামি,ধীর,প্রকৃতি,প্রাণী,স্লথ
🦦	animals	animal,fishing,otter,playful	উদ্বিড়াল,জলের প্রাণী,জীব ও প্রকৃতি,প্রাণী,ফিশিং,ভোঁদড়,মাছধরা
🦨	animals	animal,skunk,stink	গায়ে দুর্গন্ধ,জীবজন্তু,দুর্গন্ধ,দুর্গন্ধযুক্ত প্রাণী,পশু পাখি,প্রকৃতি,প্রাণী,বেজি জাতীয় প্রাণী,স্কাংক
🦘	animals	animal,joey,jump,kangaroo,marsupial	অস্ট্রেলিয়া,ক্যাঙ্গারু,জই,ঝাঁপ,থলিসংক্রান্ত,দ্বিগর্ভ,প্রাণী,লাফ
🦡	animals	animal,badger,honey,pester	অবাক মুখের প্রাণী,প্রাণী,বিরক্ত করা,ব্যাজার,হানি ব্যাজার
🐾	animals	feet,paw,paws,print,prints,paw prints	ছাপ,থাবা,প প্রিন্ট,পা
🦃	animals	bird,gobble,thanksgiving,turkey	টার্কি,টার্কি মোরগ,টার্কি মুরগী,পশুপাখি
🐔	animals	animal,bird,chicken,ornithology,hen,farm	চিকেন,পশুপাখি,মুরগি,খামার
🐓	animals	animal,bird,ornithology,rooster	পশুপাখি,মুরগি,মোরগ
🐣	animals	animal,baby,bird,chick,egg,hatching,hatching chick	পশুপাখি,বাচ্চা,বাচ্চা মুরগি,মুরগির ছানা,হ্যাচিং,হ্যাচিং চিক
🐤	animals	animal,baby,bird,chick,ornithology,baby chick	পশুপাখি,বাচ্চা,বাচ্চা মুরগি,বেবি চিক
🐥	animals	animal,baby,bird,chick,front-facing,newborn,ornithology,front-facing baby chick	প্রাণী,বাচ্চা,বাচ্চা মুরগি,সামনের দিকে মুখ করা বেবি চিক
🐦	animals	animal,bird,ornithology,tweet,fly	পশুপাখি,পাখি,উড়া
🐧	animals	animal,antarctica,bird,ornithology,penguin,cold	অ্যান্টার্কটিকা,এন্টার্কটিকা,পশুপাখি,পেংগুইন,পেঙ্গুইন
🕊️	animals	bird,dove,fly,ornithology,peace	ওড়া,পশুপাখি,পাখি,পায়রা,শান্তি
🦅	animals	animal,bird,eagle,ornithology,soar	ঈগল,পশুপাখি,পাখি
🦆	animals	animal,bird,duck,ornithology,quack	পশুপাখি,পাখি,হাঁস
🦢	animals	animal,bird,cygnet,duckling,ornithology,swan,ugly	অরুপ হংসশাবক,পাখি,প্রাণী,মরালশাবক,রাজহাঁস,হংসশাবক,হাঁস
🦉	animals	animal,bird,ornithology,owl,wise,night	পাখি,পেঁচা,প্যাঁচা,বিজ্ঞ,রাত
🦤	animals	animal,bird,dodo,extinction,large,ornithology	ডোডো,পাখি,প্রাণী,বড়,বিলোপ,মরিশাস
🪶	animals	bird,feather,flight,light,plumage	উড্ডয়ন,পাখনা,পাখা,পাখির পালক,পালক,হালকা
🦩	animals	animal,bird,flamboyant,flamingo,ornithology,tropical	গোলাপি সারস,গ্রীষ্মপ্রধান,জাঁকালো,জীব জন্তু,পশু পাখি,পাখি,প্রকৃতি,ফ্লেমিঙ্গো,মরাল,সারস
🦚	animals	animal,bird,colorful,ornithology,ostentatious,peacock,peahen,pretty,proud	গর্বিত,জাঁকালো,পাখনা মেলা ময়ূর,পাখি,ভারতের জাতীয় পাখি,ময়ূর,ময়ূর নৃত্য,ময়ূরী,ময়ূরের নাচ,ময়ূরের পালক,সুন্দর পাখি
🦜	animals	animal,bird,ornithology,parrot,pirate,talk	কথা,তোতা,তোতাপাখি,পাইরেট,পাখি
🪽	animals	angelic,ascend,aviation,bird,fly,flying,heavenly,mythology,soar,wing	উড়ন্ত,উপরে ত্তঠা,ডানা,দেবদূত,পাখি,পুরাণ,বিমান চালনা
🐦‍⬛	animals	animal,beak,bird,black,caw,corvid,crow,ornithology,raven,rook,black bird	কাক,কাকের ডাক,কালো,চঞ্চু,দাঁড় কাক,দাঁড়কাক,পাখি
🪿	animals	animal,bird,duck,flock,fowl,gaggle,gander,geese,goose,honk,ornithology,silly	গৃহপালিত পাখি,নির্বোধ,পাখি,পাতিহাঁস,বন্য হাঁসের ডাক
🐦‍🔥	animals	ascend,ascension,emerge,fantasy,firebird,glory,immortal,phoenix,rebirth,reincarnation,reinvent,renewal,revival,revive,rise,transform	অবিনশ্বর,আগুন পাখি,আবির্ভূত,কল্পনা,চিরজীবী,চিরস্থায়ী,জেগে উঠো,নবজাগরণ,পুনরুজ্জীবন,পুনর্জন্ম,পুনর্জাগরণ,পুনর্জীবন,ফায়ারবার্ড,ফিনিক্স পাখি,ফ্যান্টাসি
🐸	animals	animal,face,frog,toad,ribbit	পশুপাখি,প্রাণী,ব্যাং,ব্যাঙ,মুখ
🐊	animals	animal,crocodile,zoo,alligator,danger	কুমির,ঘড়িয়াল,চিড়িয়াখানা,পশুপাখি,ফ্লোরিডা,বিপদ
🐢	animals	animal,terrapin,tortoise,turtle,slow	কচ্ছপ,কাছিম,পশুপাখি,প্রাণী,ধীর
🦎	animals	animal,lizard,reptile	গিরগিটি,টিকটিকি,পশুপাখি,সরীসৃপ
🐍	animals	animal,bearer,ophiuchus,serpent,snake,zodiac,slither	অফিউকাস,নাগ,বাহক,রাশিচক্র,রাশিফল,সাপ
🐲	animals	animal,dragon,face,fairy,fairytale,tale,dragon face	ড্রাগন,ড্রাগনের মুখ,পশুপাখি,মুখ,রূপকথা
🐉	animals	animal,dragon,fairy,fairytale,knights,tale	ড্রাগন,পশুপাখি,প্রাণী,রূপকথা
🦕	animals	brachiosaurus,brontosaurus,dinosaur,diplodocus,sauropod	ডাইনোসর,ডিপ্লোকাস,পশু,পশুপাখি,ব্রন্টোসরাস,ব্রাকিয়োসরাস,সরোপড
🦖	animals	dinosaur,rex,t,t-rex,tyrannosaurus	টি-রেক্স,টিরানোসরাস রেক্স,ডায়নোসর,পশু,পশুপাখি
🐳	animals	animal,beach,face,ocean,spouting,whale,spouting whale,sea,spout,big	উৎসারিত তিমি,জল ছোড়া,তিমি,মুখ,সাগর,বড়
🐋	animals	animal,beach,ocean,whale	তিমি,পশুপাখি
🐬	animals	animal,beach,dolphin,flipper,ocean,sea,smart	ডলফিন,পশুপাখি,সামুদ্রিক প্রাণীর সাঁতার,সাগর
🫍	animals	marine,ocean,whale,orca	তিমি,মহাসাগর,মেরিন,অর্কা
🦭	animals	animal,lion,ocean,sea,seal	প্রাণী,মহাসাগর,মহাসামুদ্রিক,সামুদ্রিক প্রাণী,সি লায়ন,সিল
🐟	animals	animal,dinner,fish,fishes,fishing,pisces,zodiac,sea,swim	পশুপাখি,মাছ,মীন,রাতের খাবার,রাশিচক্র,সাগর,সাঁতার
🐠	animals	animal,fish,fishes,tropical,tropical fish,aquarium	ক্রান্তীয়,ট্রপিক্যাল মাছ,মাছ,রঙিন
🐡	animals	animal,blowfish,fish	পটকা মাছ,পশুপাখি,প্রাণী,ব্লোফিশ,মাছ
🦈	animals	animal,fish,shark,sea,danger,jaws	জীবজন্তু,পশুপাখি,প্রাণী,মাছ,হাঙ্গর,হাঙর,সাগর,বিপদ
🐙	animals	animal,creature,ocean,octopus,sea,tentacles	অক্টোপাস,পশুপাখি,প্রাণী,সমুদ্র,সাগর
🐚	animals	animal,beach,conch,sea,shell,spiral,spiral shell	ঝিনুক,ঝিনুকের খোলস,পশুপাখি,সর্পিল
🪸	animals	change,climate,coral,ocean,reef,sea	আবহাওয়ার পরিবর্তন,প্রবাল,মহাসাগর,শৈলশ্রেণি,সমুদ্রের ধারে শৈবাল
🪼	animals	animal,aquarium,burn,invertebrate,jelly,jellyfish,life,marine,ocean,ouch,plankton,sea,sting,stinger,tentacles	অমেরুদণ্ডী,আউচ,জেলি,জেলিফিশ,পোড়া,সামুদ্রিক,সামুদ্রিক প্রাণী,স্টিংগার
🦀	animals	cancer,crab,zodiac,sea,pinch	কর্কট,কাঁকড়া,পশুপাখি,রাশিচক্র,কাঁকড়া,সাগর
🦞	animals	animal,bisque,claws,lobster,seafood	আঁচড়ান,গলদা চিংড়ি,চিংড়ি,দাড়া,প্রাণী,বিস্ক,লাল গলদা চিংড়ি,শেলফিশ স্যুপ,সামুদ্রিক খাদ্য,সীফুড
🦐	animals	food,shellfish,shrimp,small	খাবার,খোলাওয়ালা মাছ,চিংড়ি,ছোট
🦑	animals	animal,food,mollusk,squid	খাবার,পশুপাখি,প্রাণী,শম্বুক কোমলাঙ্গ জন্তু,স্কুইড
🦪	animals	diving,oyster,pearl	ওয়েস্টার,ঝিনুক,ডুবুরি,পার্ল,মুক্ত
🐌	animals	animal,escargot,garden,nature,slug,snail,slow	পশুপাখি,শামুক,ধীর
🦋	animals	butterfly,insect,pretty,beautiful,transform	কীটপতঙ্গ,পতঙ্গ,পশুপাখি,প্রজাপতি,সুন্দর
🐛	animals	animal,bug,garden,insect	কীটপতঙ্গ,ক্ষুদ্র কীট,পশুপাখি,পোকা
🐜	animals	animal,ant,garden,insect,work	গাছ পালা,পশুপাখি,পিঁপড়া,পিপড়ে,পোকা,প্রাণী,বাগান,পিঁপড়া
🐝	animals	animal,bee,bumblebee,honey,honeybee,insect,nature,spring,buzz	পশু,পশুপাখি,পোকা,প্রকৃতি,মধু,মৌমাছি
🪲	animals	animal,beetle,bug,insect	কীট,গুবরে পোকা,পতঙ্গ,পোকা,প্রাণী
🐞	animals	animal,beetle,garden,insect,lady,ladybird,ladybug,nature,lady beetle,luck	গুবরে পোকা,পোকা,লেডি ব্যাটেল,লেডিবাগ,লেডিবার্ড,গুবরে
🦗	animals	animal,bug,cricket,grasshopper,insect,orthoptera	ঝিঁঝি পোকা,পশু,পশুপাখি,পোকা,ফড়িং
🪳	animals	animal,cockroach,insect,pest,roach	আরশোলা,আরসোলা,কীট,কীটপতঙ্গ,কুরুচিপূর্ণ,জীব,তেলাপোকা,পোকা,পোকামাকড়,প্রাণী
🕷️	animals	animal,insect,spider,web,scary	কীটপতঙ্গ,পশুপাখি,পোকা,মাকড়সা,মাকড়সা
🕸️	animals	spider,web,spider web	জাল,মাকড়সা,মাকড়সার জাল
🦂	animals	scorpio,scorpion,scorpius,zodiac	বৃশ্চিক,বৃশ্চিক রাশি,বৃশ্চিকরাশি,রাশিচক্র
🦟	animals	bite,disease,fever,insect,malaria,mosquito,pest,virus	কামড়,জ্বর,পোকা,ভাইরাস,মশা,ম্যালেরিয়া,রোগ
🪰	animals	animal,disease,fly,insect,maggot,pest,rotting	কীটপতঙ্গ,জীব,পচা,পোকামাকড়,প্রাণী,মাছি,রোগ,শূককীট
🪱	animals	animal,annelid,earthworm,parasite,worm	অঙ্গুরীমাল,কীট,কৃমি,কেঁচো,পরজীবী,পোকা,প্রাণী
🦠	animals	amoeba,bacteria,microbe,science,virus	অ্যামিবা,জীবাণু,বিজ্ঞান,ব্যাকটেরিয়া,ভাইরাস,রোগ,রোগজীবাণু,রোগের জীবাণু,সায়েন্স
💐	nature	anniversary,birthday,bouquet,date,flower,love,plant,romance,flowers,gift	অ্যানিভার্সারি,গাছ,প্রেম,প্রেমে পড়ে ফুল,ফুল,ফুলের তোড়া,বার্ষিকী,রোমান্স,ফুলের তোড়া,উপহার
🌸	nature	blossom,cherry,flower,plant,spring,springtime,cherry blossom,pink,sakura	গাছ,চেরি,চেরি ব্লজম,চেরি ব্লসম,ফুল,বিকশিত হওয়া,বসন্ত,গোলাপি
💮	nature	flower,white,white flower	ফুল,সাদা ফুল
🪷	nature	beauty,buddhism,calm,flower,hinduism,lotus,peace,purity,serenity,water lily	পদ্ম,পবিত্রতা,ফুল,বৌদ্ধধর্ম,সৌন্দর্য,হিন্দুধর্ম,শাপলা
🏵️	nature	plant,rosette	গাছ,ফিতে দিয়ে তৈরি গোলাপের ব্যাজ,ফুল
🌹	nature	beauty,elegant,flower,love,plant,red,rose,valentine,romance	গাছ,গোলাপ,ফুল,ভালোবাসা,লাল
🥀	nature	dying,flower,wilted,wilted flower	নেতানো,ফুল,নেতানো ফুল
🌺	nature	flower,hibiscus,plant,tropical	গাছ,জবা,ফুল
🌻	nature	flower,outdoors,plant,sun,sunflower,yellow	গাছ,ফুল,সূর্য,সূর্যমুখি,সূর্যমুখী,হলুদ
🌼	nature	blossom,buttercup,dandelion,flower,plant,daisy	গাছ,ফুল,ডেইজি
🌷	nature	blossom,flower,growth,plant,tulip,spring	গাছ,টিউলিপ,ফুল,বসন্ত
🪻	nature	bloom,bluebonnet,flower,hyacinth,indigo,lavender,lilac,lupine,plant,purple,shrub,snapdragon,spring,violet	কচুরিপানার ফুল,ফুল,বসন্ত,বেগুনি,ব্লুবোনেট,লুপিন,ল্যাভেন্ডার,স্ন্যাপড্রাগন,হাইসিন্থ
🌱	nature	plant,sapling,seedling,sprout,young,grow	গাছ,চারা গাছ,নবীন,লতা,চারা,বৃদ্ধি
🪴	nature	decor,grow,house,nurturing,plant,pot,potted,potted plant	অকেজো,উদ্ভিত,গাছ,গৃহসজ্জা,চারাগাছ,টব,টবে লাগানো গাছ,পাত্র,প্রতিপালন,বাগান,বাড়ি,বোরিং,রোপণ,লাগানো
🌲	nature	christmas,evergreen,forest,pine,tree,evergreen tree	ক্রিসমাস ট্রি,গাছ,চিরসবুজ,চিরহরিৎ,বন,পাইন
🌳	nature	deciduous,forest,green,habitat,shedding,tree,deciduous tree,nature	গাছ,ছাঁটা,জঙ্গল,পর্ণমোচী,পশুপাখি,প্রকৃতি,বন,সবুজ,পর্ণমোচী গাছ
🌴	nature	beach,palm,plant,tree,tropical,palm tree,vacation	গাছ,পাম,পাম গাছ,তালগাছ,নারকেল গাছ,সৈকত
🌵	nature	cactus,desert,drought,nature,plant,prickly	ক্যাকটাস,খরা,গাছ,মরুভূমি
🌾	nature	ear,grain,grains,plant,rice,sheaf,sheaf of rice,of,harvest,paddy	গাছ,ধান,ধানের আঁটি,ধানের শীষ,শীষ,ফসল,শস্য
🌿	nature	herb,leaf,plant	ঔষধি,গাছ,গাছের পাতা,পাতা
☘️	nature	irish,plant,shamrock	আইরিশ,গাছ,শামরক,শ্যামরক
🍀	nature	4,clover,four,four-leaf,irish,leaf,lucky,plant,four leaf clover,luck,four leaf	4,ক্লোভার,গাছ,চার,চারটি পাতার ত্রিপত্রবিশেষ,পাতা,শ্যামাঘাস,ভাগ্য
🍁	nature	falling,leaf,maple,maple leaf,autumn,fall,canada	গাছ,পতনশীল,পাতা,পাতাঝরা,ম্যাপেল,ম্যাপেল পাতা,শরৎ
🍂	nature	autumn,fall,fallen,falling,leaf,fallen leaf,fallen leaves	গাছ,পতনশীল,পাতা,পাতা ঝরা,পাতা পড়া,ঝরা পাতা,শরৎ
🍃	nature	blow,flutter,fluttering,leaf,wind,leaf fluttering in wind,in,leaves,nature,fresh	গাছ,ঝাপটানি,পাতা,পাতাঝরা,বাতাসের মধ্যে পাতা ওড়া,হাওয়া,হাল্কা হাওয়া,বাতাস,সবুজ
🪹	nature	branch,empty,home,nest,nesting,empty nest	খালি পাখির বাসা,পাখির বাসা,পাখির বাসা বাঁধা,বাসা,শূন্য পাখির বাসা
🪺	nature	bird,branch,egg,eggs,nest,nesting,nest with eggs,with	ডিম সহ পাখির বাসা,পাখির ডিম সহ পাখির বাসা,পাখির বাসা,পাখির বাসা বাঁধা
🍄	nature	fungus,mushroom,toadstool	গাছ,ব্যঙের ছাতা,মাশরুম,ছত্রাক
🪾	nature	bare,barren,branches,dead,drought,leafless,tree,trunk,winter,wood,leafless tree	খরা,পাতাহীন গাছ,বন্ধ্যা,শীতকাল
🍇	food	dionysus,fruit,grape,grapes,wine	আঙুর,আঙ্গুর,খাদ্য ও পানীয়,খাবার,ফল
🍈	food	cantaloupe,fruit,melon	খাদ্য ও পানীয়,তরমুজ,ফল,ফুটি,খরমুজ
🍉	food	fruit,watermelon,summer	খাদ্য ও পানীয়,খাবার,গাছ,তরমুজ,ফল,গ্রীষ্ম
🍊	food	c,citrus,fruit,nectarine,orange,tangerine,vitamin	কমলা,কমলা লেবু,খাদ্য ও পানীয়,খাবার,ফল,ভিটামিন সি
🍋	food	citrus,fruit,lemon,sour	খাদ্য ও পানীয়,খাবার,টক,ফল,লেবু
🍋‍🟩	food	acidity,citrus,cocktail,fruit,garnish,key,lime,margarita,mojito,refreshing,salsa,sour,tangy,tequila,tropical,zest	কাঁচা,ক্রান্তীয়,টক,তাজা,পাতিলেবু,প্রাণবন্ত,ফল,লেবু,সতেজ,সবুজ,সাইট্রাস
🍌	food	banana,fruit,potassium,monkey	কলা,খাদ্য ও পানীয়,খাবার,ফল
🍍	food	colada,fruit,pina,pineapple,tropical	আনারস,খাদ্য ও পানীয়,ফল
🥭	food	food,fruit,mango,tropical,sweet	আম,ক্রান্তীয় অঞ্চলের,খাদ্য,খাবার,খুব গরম,ফল,মিষ্টি
🍎	food	apple,diet,food,fruit,health,red,ripe,red apple,healthy	আপেল,খাদ্য ও পানীয়,খাবার,গাছ,ফল,লাল,লাল আপেল
🍏	food	apple,fruit,green,green apple	আপেল,খাদ্য ও পানীয়,খাবার,গাছ,ফল,সবুজ,সবুজ আপেল
🍐	food	fruit,pear	খাদ্য ও পানীয়,খাবার,নাশপাতি,ফল
🍑	food	fruit,peach,butt	খাদ্য ও পানীয়,খাবার,পিচ,ফল,পীচ
🍒	food	berries,cherries,cherry,fruit,red	খাদ্য ও পানীয়,খাবার,চেরি,ফল
🍓	food	berry,fruit,strawberry,sweet	খাদ্য ও পানীয়,খাবার,ফল,বেরি,স্ট্রবেরি,মিষ্টি
🫐	food	berries,berry,bilberry,blue,blueberries,blueberry,food,fruit	কুল,খাদ্য,খাবার,ফল,বিলবেরি,বেরি,ব্লু,ব্লুবেরি
🥝	food	food,fruit,kiwi,kiwi fruit,green	কিউই,খাদ্য ও পানীয়,খাবার,ফল,কিউই ফল
🍅	food	food,fruit,tomato,vegetable,red	খাদ্য ও পানীয়,খাবার,টমেটো,ফল,সব্জি,সবজি,লাল
🫒	food	food,olive	অলিভ,খাদ্য,খাবার,জলপাই,পুষ্টি
🥥	food	coconut,colada,palm,piña,tropical,drink	খাদ্য ও পানীয়,খাবার,ডাব,নারকেল,পাম,পিনা কোলাডা
🥑	food	avocado,food,fruit,green,healthy,toast	অ্যাভোক্যাডো,খাদ্য ও পানীয়,খাবার,ফল,অ্যাভোকাডো,সবুজ
🍆	food	aubergine,eggplant,vegetable	খাদ্য ও পানীয়,খাবার,গাছ,বেগুন,সব্জি,সবজি
🥔	food	food,potato,vegetable,starch	আলু,খাবার,সবজি
🥕	food	carrot,food,vegetable,orange	খাদ্য ও পানীয়,খাবার,গাজর,সবজি,কমলা
🌽	food	corn,crops,ear,farm,maize,maze,ear of corn,of,vegetable	খাদ্য ও পানীয়,খাবার,ধাঁধা,ভুট্টা,ভুট্টার কান,ভুট্টার দানা,ভূট্টা,শীষ,সবজি
🌶️	food	hot,pepper,hot pepper,chili,spicy	খাবার,গরম,গাছ,ঝাল,ধানী লঙ্কা,মরিচ,লঙ্কা,লাল লঙ্কা,ঝাল লঙ্কা,মসলা
🫑	food	bell,capsicum,food,pepper,vegetable,bell pepper	ক্যাপসিকাম,খাদ্য,খাবার,পুষ্টি,বেল পেপার,মরিচ,সবজি,সবুজ বেলপেপার
🥒	food	cucumber,food,pickle,vegetable	আচার,খাদ্য ও পানীয়,খাবার,শসা,সবজি
🥬	food	bok,burgers,cabbage,choy,green,kale,leafy,lettuce,salad,leafy green	পাতা কপি,বক চোই,বাঁধাকপি,বার্গার,লেটুস,সবুজ শাক,সবুজ শাক পাতা,সালাদ
🥦	food	broccoli,cabbage,wild,vegetable,green,healthy	ওয়াইল্ড ক্যাবেজ,কপি,খাবার,ফুলকপি,ব্রকলিন,ব্রকলি,সবজি,সবুজ
🧄	food	flavoring,garlic	খাদ্য ও পানীয়,খাবার,মশলা,রসুন,স্বাদ
🧅	food	flavoring,onion	খাদ্য ও পানীয়,খাবার,পেঁয়াজ,স্বাদ
🥜	food	food,nut,peanut,peanuts,vegetable,nuts,snack	খাদ্য ও পানীয়,খাবার,চিনাবাদাম,বাদাম,সবজি
🫘	food	beans,food,kidney,legume,small	খাদ্য,খাবার,ছোট্ট,পাকস্থলী,বিনস,মটরজাতীয় বীজ
🌰	food	almond,chestnut,plant	একপ্রকারের বাদাম,কাঠবাদাম,খাদ্য ও পানীয়,খাবার,গাছ,বাদাম
🫚	food	beer,ginger,health,herb,natural,root,spice,ginger root	আদা মূল,বিয়ার,মশলা,মূল
🫛	food	beans,beanstalk,edamame,legume,pea,pod,soybean,vegetable,veggie,pea pod	বিনস,মটর,মটরজাতীয় বীজ,মটরশুটি,শাকসবজি,শুঁটি,মটর শুঁটি
🍄‍🟫	food	food,fungi,fungus,mushroom,nature,pizza,portobello,shiitake,shroom,spore,sprout,toppings,truffle,vegetable,vegetarian,veggie,brown mushroom,brown	উদ্ভিদ্ভোজী,খাবার,ছত্রাক,ট্রাফল,নিরামিষভোজী,নিরামিষাশী,নিসর্গ,প্রকৃতি,বাদামি মাশরুম,ব্যাঙের ছাতা,মাশরুম,সব্জি
🫜	food	beet,food,garden,radish,root,salad,turnip,vegetable,vegetarian,root vegetable	বাগান,বীট,মূল,শাকসব্জি,শালগম,মূলজ সব্জি
🍞	food	bread,carbs,food,grain,loaf,restaurant,toast,wheat,bakery	খাদ্য ও পানীয়,খাবার,পাউরুটি,পাঁরুটি,রুটি
🥐	food	bread,breakfast,crescent,croissant,food,french,roll,pastry,bakery	ক্রিসেন্ট রোল,ক্রোসিয়ান্ট,ক্রোসেন্ট,খাদ্য ও পানীয়,খাবার,পাউরুটি,ফরাসি,ক্রোয়াসাঁ,পেস্ট্রি
🥖	food	baguette,bread,food,french,baguette bread	খাদ্য ও পানীয়,খাবার,পাউরুটি,ফরাসি,ব্যাগাট,ব্যাগ্যাট,রুটি
🫓	food	arepa,bread,flatbread,food,gordita,lavash,naan,pita	আরিপা,খাদ্য,খাবার,গর্ডিতা,জীবিকা,নান,পিতা,ফ্ল্যাটব্রেড,ব্রেড,রুজি-রুটি,রুটি,লাভাশ
🥨	food	convoluted,pretzel,twisted	কুকি,খাদ্য ও পানীয়,খাবার,পেচাঁঁনো কেক,প্রিটসেল,প্রেটজেল,বিস্কুট,মোড়ানো
🥯	food	bagel,bakery,bread,breakfast,schmear	খাবার,নাস্তা,পাউরুটি,বেকারি,বেগেল,রুটি,স্কিমার
🥞	food	breakfast,crêpe,food,hotcake,pancake,pancakes,syrup	ক্রেপ,খাদ্য ও পানীয়,খাবার,প্যানকেক,হটকেক,নাস্তা
🧇	food	breakfast,indecisive,iron,waffle	ওয়াফেল,ওয়াফেল আয়রন,খাদ্য ও পানীয়,খাবার,দ্বিধান্বিত,নাস্তা,পেস্ট্রি,ব্রেকফাস্ট,লোহা
🧀	food	cheese,wedge,cheese wedge,dairy	খাবার,চিজ,চীজ ওয়েজ,পনির
🍖	food	bone,meat,meat on bone,on,bbq	খাদ্য ও পানীয়,খাবার,মাংস,হাড়,হাড়ের উপর মাংস,হাড়
🍗	food	bone,chicken,drumstick,hungry,leg,poultry,turkey,poultry leg,chicken leg,fried	খাবার,চিকেন,পা,পোলট্রি,পোল্ট্রি,পোল্ট্রির পা,মুর্গি,লেগ,লেগ পিস,হাড়,মুরগির রান,মাংস,ফ্রাই
🥩	food	chop,cut,lambchop,meat,porkchop,red,steak,cut of meat,of,beef	খাদ্য ও পানীয়,খাবার,গোশত,চপ,পর্কচপ,মাংশের টুকরো,মাংস,ল্যাম্বচপ,স্টিক,স্টেক,গরুর মাংস
🥓	food	bacon,breakfast,food,meat,pork	খাদ্য ও পানীয়,খাবার,বেকন,মাংশ,নাস্তা
🍔	food	burger,eat,fast,food,hamburger,hungry,fast food,cheeseburger	খাদ্য ও পানীয়,খাবার,বার্গার,হ্যামবার্গার,ফাস্ট ফুড
🍟	food	fast,food,french,fries,french fries,fast food,chips	আলু ভাজা,খাদ্য ও পানীয়,খাবার,ফাস্ট ফুড,ফ্রাই,ফ্রেঞ্চ,ভাজাভুজি,স্ন্যাক্স,ফ্রেঞ্চ ফ্রাই
🍕	food	cheese,food,hungry,pepperoni,pizza,slice,italian,fast food	খাদ্য ও পানীয়,খাবার,চিজ,পিজা,ফালি,স্লাইস,পিৎজা,ফাস্ট ফুড
🌭	food	dog,frankfurter,hot,hotdog,sausage,hot dog,fast food	খাদ্য ও পানীয়,খাবার,ফ্র্যাঙ্কফার্টার,সসেজ,হট ডগ
🥪	food	bread,sandwich	খাদ্য ও পানীয়,খাবার,ব্রেড,রুটি,স্যান্ডউইচ
🌮	food	mexican,taco,food	খাবার,ট্যাকো,মেক্সিকান,টাকো
🌯	food	burrito,mexican,wrap	খাবার,বুরিটো,মেক্সিকান,রোল,র‍্যাপ,বুরিতো
🫔	food	food,mexican,pamonha,tamale,wrapped	খাদ্য,খাবার,টুমালি,তামালে,পামোনহা,মেক্সিকান,মেক্সিকান র‍্যাপ,রোল
🥙	food	falafel,flatbread,food,gyro,kebab,stuffed,stuffed flatbread	কাবাব,খাদ্য ও পানীয়,খাবার,গাইরো,চেপ্টারুটি,পুর ভরা পাউরুটি,ফলাফেল,ফালাফেল
🧆	food	chickpea,falafel,meatball	খাদ্য ও পানীয়,খাবার,ছোলা,ফলাফেল,ফ্যালাফেল,মিটবল
🥚	food	breakfast,egg,food	খাবার,ডিম
🍳	food	breakfast,cooking,easy,egg,fry,frying,over,pan,restaurant,side,sunny,up	খাদ্য ও পানীয়,খাবার,চাটু,ডিম,নাস্তা,ফ্রাই প্যান,ভাজা,রান্না করা
🥘	food	casserole,food,paella,pan,shallow,shallow pan of food,of	কড়া,কড়াই,ক্যাসরোল,খাদ্য ও পানীয়,খাবার,পেন,প্যান
🍲	food	food,pot,soup,stew,pot of food,of	খাদ্য ও পানীয়,খাদ্যের পাত্র,খাবার,পাত্র,স্ট্যু
🫕	food	cheese,chocolate,fondue,food,melted,pot,ski	খাদ্য,খাবার,গলিত,চকোলেট,চিজ,পাত্র,ফন্ডু,সুইস
🥣	food	bowl,breakfast,cereal,congee,oatmeal,porridge,spoon,bowl with spoon,with	ওটমিল,ওটস,কর্ণফ্লেক্স,খাবার,চামচ সহ বাটি,নাস্তা,পুডিং,পোরিজ,বাটি আর চামচ,ব্রেকফাস্ট,সুপের বাটি
🥗	food	food,green,salad,green salad,healthy,greens,vegetables	খাদ্য ও পানীয়,খাবার,গ্রিন,স্যালাদ,গ্রিন স্যালাদ,সালাদ,স্বাস্থ্যকর,সবজি
🍿	food	corn,movie,pop,popcorn	খাদ্য ও পানীয়,খাবার,পপকর্ণ
🧈	food	butter,dairy	খাদ্য ও পানীয়,খাবার,ডেয়ারি,মাখন
🧂	food	condiment,flavor,mad,salt,salty,shaker,taste,upset,seasoning,spice	আচার,নোনতা,মশলা,মিক্সার,লবণ,লবনদানি,শেকার,সুস্বাদু,স্বাদ,মসলা
🥫	food	can,canned,food,canned food	কৌটা,কৌটাজাত খাবার,ক্যান,ক্যানজাত খাদ্য,খাদ্য,খাবার
🍱	food	bento,box,food,bento box,lunch box,japanese	খাদ্য ও পানীয়,খাবার,বাক্স,বেন্টো,বেন্তো বাক্স,দুপুরের খাবার,টিফিন
🍘	food	cracker,food,rice,rice cracker	ক্র্যাকার,খাদ্য ও পানীয়,খাবার,চাল,চালের পাপড়,ভাত
🍙	food	ball,food,japanese,rice,rice ball,onigiri	খাদ্য ও পানীয়,খাবার,চাল,জাপানি,বল,ভাতের বল
🍚	food	cooked,food,rice,cooked rice,bowl	খাদ্য ও পানীয়,খাবার,চাল,ভাত,রান্না করা,রান্না করা ভাত
🍛	food	curry,food,rice,curry rice,indian	খাদ্য ও পানীয়,খাবার,চাল,তরকারি,ভাত,ভাত তরকারি,ঝোল
🍜	food	bowl,chopsticks,food,noodle,pho,ramen,soup,steaming,steaming bowl,noodles	খাবার,চপস্টিক,ধোঁঁয়া ওঠা নুডুলসের বাটি,নুডল,বাটি,ভাপানো,রামেন,স্টিম করার বাটি,নুডলস,স্যুপ
🍝	food	food,meatballs,pasta,restaurant,spaghetti,italian	খাদ্য ও পানীয়,খাবার,পাস্তা,রেস্টুরেন্ট,স্প্যাগেটি
🍠	food	food,potato,roasted,sweet,roasted sweet potato	আলু,খাদ্য ও পানীয়,খাবার,মিষ্টি,রোস্ট করা,রোস্ট করা মিষ্টি আলু
🍢	food	food,kebab,oden,restaurant,seafood,skewer,stick	ওডেন,কাঠি,কাবাব,খাদ্য ও পানীয়,বিদ্ধ করা,সামুদ্রিক খাবার
🍣	food	food,sushi,japanese,fish,raw	খাদ্য ও পানীয়,খাবার,সুশি,জাপানি,মাছ
🍤	food	fried,prawn,shrimp,tempura,fried shrimp	খাদ্য ও পানীয়,খাবার,গলদা চিংড়ি,চিংড়ি,টেম্পুরা,বাগদা চিংড়ি,ভাজা,ভাজা চিংড়ি,চিংড়ি
🍥	food	cake,fish,food,pastry,restaurant,swirl,fish cake with swirl,with	কেক,খাদ্য ও পানীয়,খাবার,ঘূর্ণিত হওয়া ফিশ কেক,ঘোরানো,প্যাস্ট্রি,মাছ
🥮	food	autumn,cake,festival,moon,yuèbǐng,moon cake	উৎসব,কেক,মুন কেক,যুয়েবিং,শরৎ
🍡	food	dango,dessert,japanese,skewer,stick,sweet	কাঠি,খাদ্য ও পানীয়,খাবার,জাপানি,ডাঙ্গো,ডেজার্ট,মিষ্টি,মিষ্টি জাতীয় খাবার
🥟	food	dumpling,empanada,gyōza,jiaozi,pierogi,potsticker,momo	এমপ্যান্ডা,খাবার,গয়োজা,জিয়ায়োজি,ডামপ্লিং,পট স্টিকার,পটস্টিকার,পিয়েরোগি,ফুলুরি,মমো,মোমো,পুলি,ডাম্পলিং
🥠	food	cookie,fortune,prophecy,fortune cookie	কুকি,খাদ্য ও পানীয়,খাবার,প্রোফেসি,ফরচুন কুকি,ভবিষ্যদ্বাণী
🥡	food	box,chopsticks,delivery,food,oyster,pail,takeout,takeout box	ওয়েস্টার পেল,খাদ্য ও পানীয়,খাবার,খাবার নিয়ে যাওয়ার বক্স,চপস্টিক,টেকআউট,ডেলিভারি বক্স
🍦	food	cream,dessert,food,ice,icecream,restaurant,serve,soft,sweet,soft ice cream,ice cream,soft serve,cone	আইসক্রিম,ক্রিম,খাদ্য ও পানীয়,খাবার,ডেজার্ট,নরম,বরফ,মিষ্টি,সফ্ট আইস ক্রিম
🍧	food	dessert,ice,restaurant,shaved,sweet,shaved ice	আইস ক্রিম,খাদ্য ও পানীয়,খাবার,চাঁচা,ডেজার্ট,বরফ,মিষ্টি,শেভড আইস
🍨	food	cream,dessert,food,ice,restaurant,sweet,ice cream,sundae	আইস ক্রিম,ক্রিম,খাদ্য ও পানীয়,খাবার,ডেজার্ট,বরফ,মিষ্টি,আইসক্রিম
🍩	food	breakfast,dessert,donut,doughnut,food,sweet	খাদ্য ও পানীয়,খাবার,ডেজার্ট,ডোনাট,মিষ্টি
🍪	food	chip,chocolate,cookie,dessert,sweet,biscuit	কুকি,খাদ্য ও পানীয়,খাবার,ডেজার্ট,মিষ্টি,বিস্কুট
🎂	food	bday,birthday,cake,celebration,dessert,happy,pastry,sweet,birthday cake,candles,party	উৎসবের কেক,উদযাপন,কেক,খাদ্য ও পানীয়,খাবার,জন্মদিন,জন্মদিনের কেক,ডেজার্ট,প্যাস্ট্রি,মিষ্টি,শুভ জন্মদিন
🍰	food	cake,dessert,pastry,shortcake,slice,sweet	কেক,খাদ্য ও পানীয়,খাবার,ডেজার্ট,প্যাস্ট্রি,ফালি,মিষ্টি,শর্ট কেক
🧁	food	bakery,cupcake,dessert,sprinkles,sugar,sweet,treat,frosting	কাপ কেক,কাপকেক,খাদ্য,চিনি,ডেজার্ট,বেকারি,মিষ্টান্ন,মিষ্টি
🥧	food	apple,filling,fruit,meat,pastry,pie,pumpkin,slice,dessert,baked	খাদ্য ও পানীয়,খাবার,পাই,পিঠা,পেস্ট্রি,ফিলিং,মিষ্টি
🍫	food	bar,candy,chocolate,dessert,halloween,sweet,tooth,chocolate bar,cocoa	খাদ্য ও পানীয়,খাবার,চকলেট,ডেজার্ট,বার,মিষ্টি,চকলেট বার
🍬	food	candy,cavities,dessert,halloween,restaurant,sweet,tooth,wrapper,sugar	ক্যান্ডি,খাদ্য ও পানীয়,খাবার,চকলেট,ডেজার্ট,মিষ্টি,লজেন্স
🍭	food	candy,dessert,food,lollipop,restaurant,sweet	ক্যান্ডি,খাদ্য ও পানীয়,খাবার,চকলেট,ডেজার্ট,মিষ্টি,ললিপপ
🍮	food	custard,dessert,pudding,sweet,flan	কাস্টার্ড,খাদ্য ও পানীয়,খাবার,ডেজার্ট,পুডিং,মিষ্টি
🍯	food	barrel,bear,food,honey,honeypot,jar,pot,sweet,honey pot,bee	খাদ্য ও পানীয়,খাবার,পাত্র,বিয়ার,ব্যারেল,মধু,মধুর পাত্র,মিষ্টি
🍼	food	babies,baby,birth,born,bottle,drink,infant,milk,newborn,baby bottle	খাদ্য ও পানীয়,খাবার,দুধ,পান করা,বাচ্চা,বোতল,শিশুদের বোতল,দুধের বোতল,শিশু
🥛	food	drink,glass,milk,glass of milk,of,dairy	এক গ্লাস দুধ,খাদ্য ও পানীয়,খাবার,গ্লাস,থাওয়া,দুধ,দুধের গ্লাস,পানীয়
☕	food	beverage,cafe,caffeine,chai,coffee,drink,hot,morning,steaming,tea,hot beverage,espresso	কফি,খাদ্য ও পানীয়,খাবার,গরম,চা,পান করা,পানীয়,গরম পানীয়,ক্যাফে,সকাল
🫖	food	brew,drink,food,pot,tea,teapot	খাদ্য,খাবার,চা,টিপট,ড্রিংকস,পট,পানীয়
🍵	food	beverage,cup,drink,handle,oolong,tea,teacup,teacup without handle,without,green tea,matcha,hot	কাপ,খাদ্য ও পানীয়,খাবার,চা,চায়ের পেয়ালা,পান করা,পানীয়,হ্যান্ডেল ছাড়াই চায়ের কাপ,সবুজ চা,গরম
🍶	food	bar,beverage,bottle,cup,drink,restaurant,sake	কাপ,খাদ্য ও পানীয়,খাবার,পান করা,পানীয়,বার,বোতল,শেক,সেইক
🍾	food	bar,bottle,cork,drink,popping,bottle with popping cork,with,champagne,celebration,party,pop	খাদ্য ও পানীয়,খাবার,ছিপি,পপিং,পপিং কর্কের সাথে বোতল,পান করা,বার,বোতল,শ্যাম্পেন,উদযাপন,পার্টি
🍷	food	alcohol,bar,beverage,booze,club,drink,drinking,drinks,glass,restaurant,wine,wine glass	ওয়াইন,গ্লাস,পান করা,পানীয়,বার,মদের গ্লাস
🍸	food	alcohol,bar,booze,club,cocktail,drink,drinking,drinks,glass,mad,martini,men,cocktail glass	ককটেল,ককটেলের গ্লাস,খাদ্য ও পানীয়,খাবার,গ্লাস,পান করা,পানীয়,বার,মার্টিনি
🍹	food	alcohol,bar,booze,club,cocktail,drink,drinking,drinks,drunk,mai,party,tai,tropical,tropics,tropical drink	ককটেল,ক্রান্তীয়,ক্লাব,খাদ্য ও পানীয়,খাবার,ট্রপিক্যাল ড্রিঙ্ক,পান করা,বার,মদ,মাতাল,স্থানীয়
🍺	food	alcohol,ale,bar,beer,booze,drink,drinking,drinks,mug,octoberfest,oktoberfest,pint,stein,summer,beer mug,cheers	খাদ্য ও পানীয়,খাবার,পান করা,বার,বিয়ার,বিয়ারের মগ,মগ,বিয়ার,পানীয়
🍻	food	alcohol,bar,beer,booze,bottoms,cheers,clink,clinking,drinking,drinks,mugs,clinking beer mugs	উত্তম ধরণের বিয়ারের মগ,খাদ্য ও পানীয়,খাবার,ঠুং ঠুং আওয়াজ করা,পান করা,বার,বিয়ার,মগ
🥂	food	celebrate,clink,clinking,drink,glass,glasses,clinking glasses,cheers,toast	উদযাপন,খাওয়া,খাদ্য ও পানীয়,খাবার,গ্লাস,চিয়ার্স,চিসার্সের জন্য গ্লাসে ঠোকা,ঠুংঠাং,হোক উল্লাস,চিয়ার্স
🥃	food	glass,liquor,scotch,shot,tumbler,whiskey,whisky,tumbler glass	খাদ্য ও পানীয়,খাবার,গ্লাস,চওড়া গ্লাস,পানীয়,মদের গ্লাস,শট,স্কচ,হুইস্কি
🫗	food	accident,drink,empty,glass,liquid,oops,pour,pouring,spill,water,pouring liquid	ওহ!,গ্লাস,ছলকে পড়া,জল ঢালা,তরল পদার্থ ঢালা হচ্ছে,পান করা,ফাঁকা
🥤	food	cup,drink,juice,malt,soda,soft,straw,water,cup with straw,with,soft drink,cold drink	খাদ্য ও পানীয়,খাবার,গ্লাস,জুস,পানি,পানীয়,সোডা,স্ট্র দেওয়া কাপ,কোমল পানীয়,ঠান্ডা
🧋	food	boba,bubble,food,milk,pearl,tea,bubble tea,milk tea	খাদ্য,খাবার,চা,ড্রিংকস,তাইওয়ান,দুধ,পানীয়,পার্ল,বাবল,বাবল টি,বোবা,মিল্ক টি
🧃	food	beverage,box,juice,straw,sweet,beverage box,juice box,drink	খাদ্য ও পানীয়,জুস বাক্স,জুসের বক্স,ঠাণ্ডা পানীয়,পানীয়,ফলের রস,জুস,পানীয়
🧉	food	drink,mate	খাদ্য ও পানীয়,দক্ষিণ অ্যামেরিকা,দক্ষিণ অ্যামেরিকার পানীয়,পানীয়,মেট
🧊	food	cold,cube,ice,iceberg	আইস কিউব,আইসবার্গ,খাদ্য ও পানীয়,ঠান্ডা,পানীয়,বরফ,বরফের টুকরো
🥢	food	chopsticks,hashi,jeotgarak,kuaizi,asian,food	কাঠি,খাদ্য ও পানীয়,খাবার,চপস্টিক,হাশি
🍽️	food	cooking,dinner,eat,fork,knife,plate,fork and knife with plate,and,with,fork knife,dining,restaurant	কাঁটাচামচ,খাদ্য ও পানীয়,খাবার,ছুরি,প্লেট,প্লেটের সঙ্গে কাঁটাচামচ ও ছুরি,রন্ধন,থালা,খাওয়া,রেস্তোরাঁ
🍴	food	breakfast,breaky,cooking,cutlery,delicious,dinner,eat,feed,food,fork,hungry,knife,lunch,restaurant,yum,yummy,fork and knife,and	কাঁটাচামচ,কাঁটাচামচ ও ছুরি,খাদ্য ও পানীয়,খাবার,ছুরি,নাস্তা,রন্ধন,রেস্টুরেন্ট
🥄	food	eat,spoon,tableware	কাঁটা চামচ,খাদ্য ও পানীয়,খাবার,চামচ
🔪	food	chef,cooking,hocho,kitchen,knife,tool,weapon,kitchen knife,cut,blade,sharp	অস্ত্র,ছুরি,টুল,রন্ধন,রান্না করার ছুরি,রান্না ঘরের ছুরি,সরঞ্জাম,হোকো,কাটা,রান্না,ধারালো
🫙	food	condiment,container,empty,jar,nothing,sauce,store	কিছু নেই,কৌটো,খালি,গুঁড়া মসলা,জমা করা পাত্র,জার,পাত্র,ফাঁকা,সস
🏺	food	amphora,aquarius,cooking,drink,jug,tool,weapon,zodiac,vase,pottery,ancient	অস্ত্র,অ্যাম্ফোরা,কুম্ভরাশি,জাগ,পান করা,রন্ধন,রাশিচক্র,সরঞ্জাম,কলস,মাটির পাত্র
🌍	travel	africa,earth,europe,europe-africa,globe,showing,world,globe showing europe-africa	আফ্রিকা,ইউরোপ,গ্লোব,গ্লোব ইউরোপ আফ্রিকা দেখাচ্ছে,পৃথিবী,বিশ্ব,গ্রহ
🌎	travel	americas,earth,globe,showing,world,globe showing americas	আমেরিকা,গ্লোব,গ্লোব আমেরিকা দেখাচ্ছে,পৃথিবী,বিশ্ব
🌏	travel	asia,asia-australia,australia,earth,globe,showing,world,globe showing asia-australia	অস্ট্রেলিয়া,এশিয়া,গ্লোব,গ্লোব এশিয়া-অস্ট্রেলিয়া দেখাচ্ছে,পৃথিবী,বিশ্ব,এশিয়া
🌐	travel	earth,globe,internet,meridians,web,world,worldwide,globe with meridians,with	গ্লোব,গ্লোবে মেরিডিয়ান,পৃথিবী,পৃথিবীর মধ্যরেখা,বিশ্ব
🗺️	travel	map,world,world map	বিশ্ব,বিশ্বের মানচিত্র,মানচিত্র,ম্যাপ
🗾	travel	japan,map,map of japan,of	জাপান,জাপানের ম্যাপ,মানচিত্র
🧭	travel	compass,direction,magnetic,navigation,orienteering	ওরিয়েন্টিয়ারিং,কম্পাস,চুম্বকীয়,চৌম্বকীয়,দিকনির্দেশ,নেভিগেশন,ন্যাভিগেশন
🏔️	travel	cold,mountain,snow,snow-capped,snow-capped mountain	ঠান্ডা,তুষার,তুষারাবৃত পর্বত,পর্বত
⛰️	travel	mountain,peak,nature,hiking	পর্বত,পাহাড়,পাহাড়,চূড়া
🛘	travel	avalanche,danger,disaster,earthquake,mountain,mudslide,rocks,landslide	কাদা ধস,তুষারধ্বস,দুর্যোগ,পর্বত,পাথর,বিপদ,ভূমিকম্প,ধস
🌋	travel	eruption,mountain,nature,volcano,lava	অগ্ন্যুৎপাত,আগ্নেয়গিরি,আবহাওয়া,পর্বত,আগ্নেয়গিরি,লাভা
🗻	travel	fuji,mount,mountain,nature,mount fuji,japan	পর্বত,পাহাড়,ফুজি,মাউন্ট ফুজি,পাহাড়,জাপান
🏕️	travel	camping	ক্যাম্প করা,তাবু খাঁটানো
🏖️	travel	beach,umbrella,beach with umbrella,with,vacation,sand,sea	ছাতা,সমুদ্র সৈকতে ছাতা,সৈকত,সমুদ্র,ছুটি,বালি
🏜️	travel	desert	বালি,মরুভুমি,মরুভূমি
🏝️	travel	desert,island,desert island,tropical,vacation	দ্বীপ,মরুভূমি,মরুভূমির দ্বীপ,ছুটি
🏞️	travel	national,park,national park	উদ্যান,জাতীয় উদ্যান,জাতীয় পার্ক,পার্ক
🏟️	travel	stadium	স্টেডিয়াম
🏛️	travel	building,classical,classical building	ক্লাসিক্যাল,বিল্ডিং,ক্লাসিক্যাল বিল্ডিং
🏗️	travel	building,construction,crane,building construction	ক্রেন,নির্মাণ,বিল্ডিং,বিল্ডিং তৈরি,বিল্ডিং নির্মাণ
🧱	travel	brick,bricks,clay,mortar,wall	ইট,ওয়াল,কাদামাটি,দেয়াল,পোড়ামাটি,পোড়ামাটির দেওয়াল,প্রাচীর,হামানদিস্তা
🪨	travel	boulder,heavy,rock,solid,stone,tough	কঠিন,কঠোর,নুড়ি,পাথর,ভারি,শিলা,শিলাখণ্ড
🪵	travel	log,lumber,timber,wood	কাঠ,কাঠ চেরাই করা,গাছের গুঁড়ি,তক্তা,দারু
🛖	travel	home,house,hut,roundhouse,shelter,yurt	আশ্রয়,ইউর্ট,কুটির,কুঁড়ে ঘড়,গৃহ,ঘর,বাড়ি,বাসা,রাউন্ডহাউস
🏘️	travel	house,houses	বাড়ি,বাড়ি নির্মাণ,বাড়িগুলি তৈরি করা,বিল্ডিং
🏚️	travel	derelict,home,house,derelict house	পরিত্যক্ত,পরিত্যক্ত গৃহনির্মাণ,বাড়ি,বিল্ডিং,ব্যবহার না হওয়া বাড়ি
🏠	travel	building,country,heart,home,house,ranch,settle,simple,suburban,suburbia,where	গৃহ নির্মাণ,বাড়ি,বাড়ি নির্মাণ,বিল্ডিং,বাড়ি,ঘর,বাসা
🏡	travel	building,country,garden,heart,home,house,ranch,settle,simple,suburban,suburbia,where,house with garden,with	বাগান,বাড়ি,বিল্ডিং,বাগান বাড়ি,বাড়ি,ঘর
🏢	travel	building,city,cubical,job,office,office building,work,corporate	অফিস,অফিসের বিল্ডিং,কাজ,চাকরী,বিল্ডিং,অফিস বিল্ডিং,ভবন
🏣	travel	building,japanese,office,post,japanese post office	জাপানি,জাপানি পোস্ট অফিস,জাপানি ভাষায় পোস্ট অফিস,জাপানিদের পোস্ট অফিস,পোস্ট,বিল্ডিং
🏤	travel	building,european,office,post,post office	ইউরোপীয়,পোস্ট,পোস্ট অফিস,বিল্ডিং
🏥	travel	building,doctor,hospital,medicine,medical,health	ওষুধ,ডাক্তার,বিল্ডিং,হাসপাতাল,চিকিৎসা
🏦	travel	bank,building,money,finance	বিল্ডিং,ব্যাঙ্ক,ব্যাংক,টাকা,ভবন
🏨	travel	building,hotel,stay,travel	বিল্ডিং,হোটেল,থাকা,ভ্রমণ
🏩	travel	building,hotel,love,love hotel	বিল্ডিং,ভালবাসা,লাভ হোটেল,হোটেল
🏪	travel	24,building,convenience,hours,store,convenience store	কনভেনিয়ান্স স্টোর,দোকান,বিল্ডিং,সুবিধা
🏫	travel	building,school,education,study	বিল্ডিং,স্কুল,বিদ্যালয়,শিক্ষা,পড়া
🏬	travel	building,department,store,department store	ডিপার্টমমেন্ট স্টোর,ডিপার্টমেন্ট,দোকান,বিল্ডিং
🏭	travel	building,factory,industry,pollution	ফ্যাক্টরি,বিল্ডিং,কারখানা,শিল্প
🏯	travel	building,castle,japanese,japanese castle	জাপানি,দুর্গ,বিল্ডিং,জাপানি দুর্গ
🏰	travel	building,castle,european,palace,fairy tale	ইউরোপীয়,দুর্গ,বিল্ডিং,প্রাসাদ,রাজপ্রাসাদ
💒	travel	chapel,hitched,nuptials,romance,wedding	চ্যাপেল,বিবাহ,রোমান্স
🗼	travel	tokyo,tower,tokyo tower,landmark,japan	টাওয়ার,টোকিও,টোকিও টাওয়ার,টাওয়ার,জাপান
🗽	travel	liberty,new,ny,nyc,statue,york,statue of liberty,of,new york,usa,landmark	মূর্তি,লিবার্টি,স্ট্যাচু অফ লিবার্টি,স্ট্যাচু অব লিবার্টি,আমেরিকা
⛪	travel	bless,chapel,christian,church,cross,religion,prayer,worship	ক্রস,খৃস্টান,চার্চ,ধর্ম,বিল্ডিং,গির্জা,প্রার্থনা
🕌	travel	islam,masjid,mosque,muslim,religion,prayer	ইসলাম,ধর্ম,মসজিদ,মুসলিম,নামাজ
🛕	travel	hindu,temple,hindu temple,mandir,worship	তীর্থস্থান,দেবতা,মন্দির,হিন্দু,হিন্দু মন্দির,পূজা
🕍	travel	jew,jewish,judaism,religion,synagogue,temple	ইহুদি,ইহুদিদের ধর্মস্থান,ধর্ম,মন্দির
⛩️	travel	religion,shinto,shrine,shinto shrine	ধর্ম,মঠ,মন্দির,শিন্টো,শিন্তো মন্দির,শিন্তো সারিন
🕋	travel	hajj,islam,kaaba,muslim,religion,umrah,mecca	ইসলাম,উমরাহ্‌,কাবা,ধর্ম,মুসলিম,হজ্ব,মক্কা,হজ
⛲	travel	fountain,water,park	ফোয়ারা,ফোয়ারা,পানি,পার্ক
⛺	travel	camping,tent,outdoors	ক্যাম্প,ক্যাম্পিং,তাবু,তাবু খাঁটানো,তাঁবু
🌁	travel	fog,foggy	আবহাওয়া,কুয়াশা,কুয়াশাচ্ছন্ন
🌃	travel	night,star,stars,night with stars,with	আবহাওয়া,তারা,তারা ভরা রাত,রাত
🏙️	travel	city,cityscape	বিল্ডিং,শহর,সিটিস্কেপ
🌄	travel	morning,mountains,over,sun,sunrise,sunrise over mountains	আবহাওয়া,পর্বত,পর্বতের উপর সূর্যোদয়,সকাল,সূর্য,সূর্যোদয়
🌅	travel	morning,nature,sun,sunrise	আবহাওয়া,সকাল,সূর্য,সূর্যোদয়
🌆	travel	at,building,city,cityscape,dusk,evening,landscape,sun,sunset,cityscape at dusk	আবহাওয়া,গোধূলি,গোধূলিতে শহরের দৃশ্য,বিল্ডিং,ভূদৃশ্য,শহর,সন্ধ্যা,সূর্য,সূর্যাস্ত
🌇	travel	building,dusk,sun,sunset	আবহাওয়া,গোধূলি,বিল্ডিং,সূর্য,সূর্যাস্ত
🌉	travel	at,bridge,night,bridge at night	আবহাওয়া,রাত,রাতে সেতু,রাতের সেতু,সেতু
♨️	travel	hot,hotsprings,springs,steaming,hot springs	উষ্ণ প্রস্রবণ,গরম,প্রস্রবণ,ভাপানো
🎠	travel	carousel,entertainment,horse,carousel horse	ঘোড়া,নাগরদোলনা,নাগরদোলনার ঘোড়া,নাগরদোলনা ঘোড়া
🛝	travel	amusement,park,play,playground,playing,slide,sliding,theme,playground slide	অ্যামিউজমেন্ট পার্ক,খেলাধুলা,খেলার মাঠ,খেলার মাঠে স্লাইড,স্লাইডিং
🎡	travel	amusement,ferris,park,theme,wheel,ferris wheel	চাকা,চিত্তবিনোদন পার্ক,ফেরিস,বড়ো নাগরদোলা,মনোরঞ্জনের পার্ক
🎢	travel	amusement,coaster,park,roller,theme,roller coaster	কোস্টার,চিত্তবিনোদন পার্ক,চিত্তবিনোদনের পার্ক,পার্ক,রোলার,রোলার কোস্টার
💈	travel	barber,cut,fresh,haircut,pole,shave,barber pole,salon	চুল কাটা,নাপিত,নাপিতের পোল,পোল,শেভ,সেলুন
🎪	travel	circus,tent,circus tent,carnival	তাঁবু,সার্কাস,সার্কাসের তাবু
🚂	travel	caboose,engine,locomotive,railway,steam,train,trains,travel	ইঞ্জিন,ট্রেন,বাষ্প,যানবাহন,রেলওয়ে,লোকোমোটিভ,রেলগাড়ি,রেল
🚃	travel	car,electric,railway,train,tram,travel,trolleybus,railway car	ট্রলিবাস,ট্রাম,ট্রেন,বৈদ্যুতিক,মোটরগাড়ি,যানবাহন,রেলওয়ে,রেলওয়ের গাড়ি
🚄	travel	high-speed,railway,shinkansen,speed,train,high-speed train,bullet train,fast	উচ্চ-গতির ট্রেন,গতি,ট্রেন,যানবাহন,রেলওয়ে,শিনকানসেন,হাই-স্পিড ট্রেন,দ্রুত ট্রেন,রেল
🚅	travel	bullet,high-speed,nose,railway,shinkansen,speed,train,travel,bullet train	গতি,ট্রেন,বুলেট,বুলেট নাম যুক্ত উচ্চ-গতির ট্রেন,যানবাহন,রেলওয়ে,শিনকানসেন
🚆	travel	arrived,choo,railway,train	কু জিক জিক,চোঁঁ চোঁঁ,ট্রেন,ভ্রমণ ও স্থান,যানবাহন,রেলওয়ে,রেলগাড়ি
🚇	travel	metro,subway,travel,underground,train	মেট্রো,যানবাহন,সাবওয়ে,পাতাল রেল
🚈	travel	arrived,light,monorail,rail,railway,light rail	যানবাহন,রেলওয়ে,রেলের লাইট,রেলের লাইন
🚉	travel	railway,station,train	ট্রেন,যানবাহন,রেলওয়ে,স্টেশন
🚊	travel	tram,trolleybus	ট্রলিবাস,ট্রাম,যানবাহন
🚝	travel	monorail,vehicle	মনোরেল,মোনোরেল,যানবাহন,রেল
🚞	travel	car,mountain,railway,trip,mountain railway	পর্বত,পর্বতের রেলওয়ে,মোটরগাড়ি,যানবাহন,রেল,রেল লাইন,রেলওয়ে
🚋	travel	bus,car,tram,trolley,trolleybus,tram car	ট্রলিবাস,ট্রাম,ট্রাম গাড়ি,মোটরগাড়ি,যানবাহন
🚌	travel	bus,school,vehicle,transport	বাস,যানবাহন,স্কুল বাস
🚍	travel	bus,cars,oncoming,oncoming bus	অগ্রসরমান,বাস,যানবাহন,অগ্রসরমান বাস
🚎	travel	bus,tram,trolley,trolleybus	ট্রলি,ট্রাম,বাস,যানবাহন,ট্রলি বাস
🚐	travel	bus,drive,minibus,van,vehicle	বাস,মিনিবাস,যানবাহন
🚑	travel	ambulance,emergency,vehicle,medical,hospital	অ্যাম্বুলেন্স,যানবাহন,জরুরি,হাসপাতাল
🚒	travel	engine,fire,truck,fire engine,fire truck,emergency	আগুন,আগুনের ইঞ্জিন,ইঞ্জিন,ট্রাক,দমকল,যানবাহন,ফায়ার সার্ভিস
🚓	travel	5–0,car,cops,patrol,police,police car,cop,emergency,law	টহলদারী,টহলদারী গাড়ি,পুলিশ,পুলিশের গাড়ি,মোটরগাড়ি,যানবাহন,পুলিশের গাড়ি,আইন
🚔	travel	car,oncoming,police,oncoming police car	অগ্রসরমান,অগ্রসরমান পুলিশের গাড়ি,পুলিশ,মোটরগাড়ি,যানবাহন
🚕	travel	cab,cabbie,car,drive,taxi,vehicle,yellow,transport	ট্যাক্সি,যানবাহন,ক্যাব
🚖	travel	cab,cabbie,cars,drove,hail,oncoming,taxi,yellow,oncoming taxi	অগ্রসরমান,উবের,ট্যাক্সি,যানবাহন,হলদু ট্যাক্সি,অগ্রসরমান ট্যাক্সি
🚗	travel	automobile,car,driving,vehicle,drive	অটোমোবাইল,গাড়ি,যানবাহন,গাড়ি,চালানো
🚘	travel	automobile,car,cars,drove,oncoming,vehicle,oncoming automobile	অগ্রসরমান,অটোমোবাইল,মোটরগাড়ি,যানবাহন,অগ্রসরমান অটোমোবাইল
🚙	travel	car,drive,recreational,sport,sportutility,utility,vehicle,sport utility vehicle,suv	আরভি,বিনোদনমূলক,যানবাহন,বিনোদনমূলক যানবাহন,এসইউভি,গাড়ি
🛻	travel	automobile,car,flatbed,pick-up,pickup,transportation,truck,pickup truck	গাড়ি,ট্রাক,পরিবহন,পিক-আপ,পিকআপ,ফ্ল্যাটবেড,মোটরগাড়ি,ম্যাটাডোর,যানবাহন,পিকআপ ট্রাক
🚚	travel	car,delivery,drive,truck,vehicle,delivery truck,transport	ট্রাক,যানবাহন,সরবরাহ,সরবরাহের ট্র্যাক,ডেলিভারি
🚛	travel	articulated,car,drive,lorry,move,semi,truck,vehicle,articulated lorry,semi truck,transport	আর্টিকুলেট লরি,ট্রাক,যানবাহন,লরি,সেমি
🚜	travel	tractor,vehicle,farm,agriculture	ট্র্যাক্টর,যানবাহন,ট্রাক্টর,খামার,কৃষি
🏎️	travel	car,racing,zoom,racing car	গাড়ি,রেস করার গাড়ি,রেসিং,রেসিং কার,রেসের গাড়ি
🏍️	travel	motorcycle,racing,motorbike,bike,fast	বাইক,মটরসাইকেল,মোটরসাইকেল,রেসিং,দ্রুত
🛵	travel	motor,scooter,motor scooter,moped,vespa	মটর,মোটর স্কুটার,স্কুটার,মোপেড
🦽	travel	accessibility,manual,wheelchair,manual wheelchair	অ্যাক্সেসিবিলিটি,চেয়ার,বিশেষ চেয়ার,ম্যানুয়াল হুইলচেয়ার,হাতে টানা হুইলচেয়ার,হুইলচেয়ার
🦼	travel	accessibility,motorized,wheelchair,motorized wheelchair	অটোম্যাটিক হুইলচেয়ার,অ্যাক্সেসিবিলিটি,চেয়ার,বিশেষ চেয়ার,মোটরচালিত হুইলচেয়ার,যানবাহন,যান্ত্রিক হুইলচেয়ার
🛺	travel	auto,rickshaw,tuk,auto rickshaw,tuk tuk,cng,three wheeler	অটো,অটো রিক্সা,গাড়ি,টুক টুক,বেবি,বেবি ট্যাক্সি,যাত্রা,যানবাহন,অটোরিকশা,সিএনজি,টুকটুক
🚲	travel	bicycle,bike,class,cycle,cycling,cyclist,gang,ride,spin,spinning	বাইক,বাইসাইকেল,যানবাহন,সাইকেল,চালানো
🛴	travel	kick,scooter,kick scooter	কিক,স্কুটার,কিক স্কুটার
🛹	travel	board,skate,skateboard,skater,wheels	চাকা,বোর্ড,স্কেইট,স্কেটবোর্ড,স্কেটার
🛼	travel	blades,roller,skate,skates,sport,roller skate	ক্রীড়া,খেলাধুলা,রোলার,স্কেট,স্কেটিং জুতো,রোলার স্কেট
🚏	travel	bus,busstop,stop,bus stop	থামা,বাস,বাস স্টপ,বাস্টের স্টপ
🛣️	travel	highway,motorway,road	মোটর ওয়ে,রাস্তা,হাইওয়ে
🛤️	travel	railway,track,train,railway track	ট্রেন,রেলওয়ে,রেলওয়ে ট্র্যাক,রেললাইন
🛢️	travel	drum,oil,oil drum,barrel,fuel	ড্রাম,তেল,তেলের ড্রাম,জ্বালানি
⛽	travel	diesel,fuel,fuelpump,gas,gasoline,pump,station,fuel pump,gas station,petrol	গ্যাস,জ্বালানী,পাম্প,স্টেশন,জ্বালানী পাম্প,জ্বালানি,পেট্রোল
🛞	travel	car,circle,tire,turn,vehicle,wheel	গাড়ি,চাকা,টায়ার,বাঁক,বৃত্ত
🚨	travel	alarm,alert,beacon,car,emergency,light,police,revolving,siren,police car light,police light	আলো,গাড়ি,ঘূর্ণায়মান,পুলিশ,পুলিশের গাড়ির আলো,বাতি,যানবাহন,সাইরেন,জরুরি,সতর্কতা
🚥	travel	horizontal,intersection,light,signal,stop,stoplight,traffic,horizontal traffic light	অনুভূমিক ট্রাফিক লাইট,আলো,ট্রাফিক,সিগন্যাল,স্পট লাইট
🚦	travel	drove,intersection,light,signal,stop,stoplight,traffic,vertical,vertical traffic light,traffic light	আলো,উল্লম্ব ট্রাফিক লাইট,ট্রাফিক,সিগন্যাল,ট্রাফিক বাতি
🛑	travel	octagonal,sign,stop,stop sign	অষ্টকোণী,চিহ্ন,থামার চিহ্ন,থামুন
🚧	travel	barrier,construction	নির্মাণ,বাধা
⚓	travel	anchor,ship,tool,port,harbor	জাহাজ,নোঙর,সরঞ্জাম,বন্দর
🛟	travel	buoy,float,life,lifesaver,preserver,rescue,ring,safety,save,saver,swim,ring buoy	আত্মরক্ষক,জীবন বাঁচানো,জীবন সংরক্ষক,নিরাপত্তা,পুনরুদ্ধার করা,ভাসমান,রিং বয়
⛵	travel	boat,resort,sailboat,sailing,sea,yacht	ইয়ট,নৌকা,পাল তোলা নৌকা,যানবাহন,রিসোর্ট,সাগর,পালতোলা নৌকা
🛶	travel	boat,canoe	ডিঙি,ডোঙ্গা,নৌকা
🚤	travel	billionaire,boat,lake,luxury,millionaire,speedboat,summer,travel,fast,water	নৌকা,যানবাহন,স্পীডবোট,স্পিডবোট,দ্রুত
🛳️	travel	passenger,ship,passenger ship,cruise ship,travel	জাহাজ,যাত্রী,যাত্রীবাহী জাহাজ,যানবাহন,ভ্রমণ
⛴️	travel	boat,ferry,passenger	খেয়া,নৌকা,ফেরি,যাত্রী
🛥️	travel	boat,motor,motorboat,motor boat	নৌকা,মোটরবোট,যানবাহন
🚢	travel	boat,passenger,ship,travel,cruise,sea	জাহাজ,টাইটানিক,যাত্রী,যানবাহন,নৌকা,সাগর
✈️	travel	aeroplane,airplane,fly,flying,jet,plane,travel,flight	বিমান,যানবাহন,উড়োজাহাজ,ভ্রমণ,উড়া
🛩️	travel	aeroplane,airplane,plane,small,small airplane	ছোট বিমান,বিমান,যানবাহন
🛫	travel	aeroplane,airplane,check-in,departure,departures,plane,airplane departure,takeoff,flight,travel	চেক ইন,প্রস্থান,বিমান,বিমান ছাড়া,যানবাহন,উড্ডয়ন,যাত্রা,ফ্লাইট
🛬	travel	aeroplane,airplane,arrival,arrivals,arriving,landing,plane,airplane arrival,flight	অবতরণ,আগত,আগমন,বিমান,বিমান আসা,যানবাহন,ফ্লাইট
🪂	travel	hang-glide,parachute,parasail,skydive	খেলা,প্যারাশুট,প্যারাসেইল,স্কাইডাইভ,হ্যাং-গ্লাইড
💺	travel	chair,seat	চেয়ার,বসার জায়গা
🚁	travel	copter,helicopter,roflcopter,travel,vehicle,chopper,fly	যানবাহন,হেলিকপ্টার,উড়া
🚟	travel	railway,suspension,suspension railway	যানবাহন,রেল বন্ধ,রেলওয়ে,স্থগিতাদেশ,রেলওয়ে স্থগিতাদেশ
🚠	travel	cable,cableway,gondola,lift,mountain,ski,mountain cableway	কেবল,গন্ডোলা,পর্বত,মাউন্টেন কেবলওয়ে,যানবাহন,রোপওয়ে
🚡	travel	aerial,cable,car,gondola,ropeway,tramway,aerial tramway	কার,কেবল,গন্ডোলা,ট্রামওয়ে,মোটরগাড়ি,যানবাহন,রোপওয়ে
🛰️	travel	satellite,space	উপগ্রহ,মহাকাশ,যানবাহন,স্যাটেলাইট
🚀	travel	launch,rocket,rockets,space,travel,fast,startup	মহাকাশ,যানবাহন,রকেট,উৎক্ষেপণ,দ্রুত
🛸	travel	aliens,extra,flying,saucer,terrestrial,ufo,flying saucer,alien	ইউএফও,উড়ন্ত চাকতি,এলিয়েন,পরিবহন,ভিনগ্রহবাসী,যাতায়াত,স্পেসশিপ,এলিয়েন
🛎️	travel	bell,bellhop,hotel,bellhop bell	ঘণ্টা,বেয়ারা,বেলহপ,বেলহপ বেল,হোটেল
🧳	travel	bag,luggage,packing,roller,suitcase,travel	ট্রলি ব্যাগ,প্যাকিং,ভ্রমণ,রোলার ব্যাগ,লাগেজ,স্যুটকেস
⌛	travel	done,hourglass,sand,time,timer,hourglass done,waiting	টাইমার,বালি,বালিঘড়ি,সময়,বালুঘড়ি,সময়,অপেক্ষা
⏳	travel	done,flowing,hourglass,hours,not,sand,timer,waiting,yolo,hourglass not done,hourglass flowing,time,loading	টাইমার,প্রবাহিত বালি দিয়ে বালিঘড়ি,বালি,বালিঘড়ি,বালুঘড়ি,সময়,লোডিং
⌚	travel	clock,time,watch,wrist	ঘড়ি,ঘড়ি,সময়,হাতঘড়ি
⏰	travel	alarm,clock,hours,hrs,late,time,waiting,alarm clock,wake up,morning	অ্যালার্ম,ঘড়ি,অ্যালার্ম ঘড়ি,ঘড়ি,সকাল,সময়
⏱️	travel	clock,stopwatch,time,timer,speed	ঘড়ি,স্টপওয়াচ,স্টপওয়াচ,টাইমার,সময়
⏲️	travel	clock,timer,timer clock	ঘড়ি,টাইমার,টাইমার ঘড়ি
🕰️	travel	clock,mantelpiece,time,mantelpiece clock	ঘড়ি,ম্যান্টেলপিস ঘড়ি,সময়
🕛	travel	12,00,clock,o’clock,time,twelve,twelve o’clock	00,12,ঘড়ি,টা,বারো,বারোটা
🕧	travel	12,30,clock,thirty,time,twelve,twelve-thirty	12,30,ঘড়ি,তিরিশ,বারো,সাড়ে বারোটা
🕐	travel	1,00,clock,o’clock,one,time,one o’clock	00,1,এক,একটা,ঘড়ি,টা
🕜	travel	1,30,clock,one,one-thirty,thirty,time	1,30,এক,ঘড়ি,চিহ্ন,তিরিশ,দেড়টা
🕑	travel	2,00,clock,o’clock,time,two,two o’clock	00,2,ঘড়ি,টো,দু,দুইটা,দুটো,দুটোর সময়
🕝	travel	2,30,clock,thirty,time,two,two-thirty	2,30,আড়াইটা,আড়াইটে,ঘড়ি,চিহ্ন,তিরিশ,দুই,দুটো
🕒	travel	3,00,clock,o’clock,three,time,three o’clock	00,3,ঘড়ি,টে,তিন,তিনটা,তিনটে
🕞	travel	3,30,clock,thirty,three,three-thirty,time	3,30,ঘড়ি,তিনটে,তিরিশ,সাড়ে,সাড়ে তিন,সাড়ে তিনটে
🕓	travel	4,00,clock,four,o’clock,time,four o’clock	00,4,ঘড়ি,চার,চারটা,চারটে,টে
🕟	travel	30,4,clock,four,four-thirty,thirty,time	30,4,ঘড়ি,চারটে,তিরিশ,সাড়ে চার,সাড়ে চারটে
🕔	travel	5,00,clock,five,o’clock,time,five o’clock	00,5,ঘড়ি,টা,পাঁচ,পাঁচটা
🕠	travel	30,5,clock,five,five-thirty,thirty,time	5,30,ঘড়ি,তিরিশ,পাঁচটা,সাড়ে,সাড়ে পাঁচটা
🕕	travel	6,00,clock,o’clock,six,time,six o’clock	00,6,ঘড়ি,ছটা,ছয়,টা
🕡	travel	30,6,clock,six,six-thirty,thirty	৩০,6,30,ঘড়ি,ছয়টা,তিরিশ,সাড়ে ছটা
🕖	travel	0,7,00,clock,o’clock,seven,seven o’clock	00,7,ঘড়ি,টা,সাত,সাতটা
🕢	travel	30,7,clock,seven,seven-thirty,thirty	7,30,ঘড়ি,তিরিশ,সাড়ে সাতটা,সাতটা
🕗	travel	8,00,clock,eight,o’clock,time,eight o’clock	8,00,আট,আটটা,ঘড়ি,টা
🕣	travel	30,8,clock,eight,eight-thirty,thirty,time	৩০,8,30,আটটা,ঘড়ি,তিরিশ,সাড়ে আটটা
🕘	travel	9,00,clock,nine,o’clock,time,nine o’clock	00,9,৯টায়,ঘড়ি,টা,ন,নটা,নয়টা
🕤	travel	30,9,clock,nine,nine-thirty,thirty,time	৩০,9,30,ঘড়ি,তিরিশ,নয়টা,সাড়ে,সাড়ে নটা
🕙	travel	0,10,00,clock,o’clock,ten,ten o’clock	00,10,ঘড়ি,টা,দশ,দশটা
🕥	travel	10,30,clock,ten,ten-thirty,thirty,time	10,30,ঘড়ি,তিরিশ,দশটা,সাড়ে দশটা
🕚	travel	11,00,clock,eleven,o’clock,time,eleven o’clock	00,11,এগারো,এগারোটা,ঘড়ি,টা
🕦	travel	11,30,clock,eleven,eleven-thirty,thirty,time	11,30,এগারোটা,ঘড়ি,তিরিশ,সাড়ে এগারোটা
🌑	nature	dark,moon,new,space,new moon	অন্ধকার,অমাবস্যা,আবহাওয়া,আমাবস্যা,চাঁদ,মহাকাশ
🌒	nature	crescent,dreams,moon,space,waxing,waxing crescent moon	অর্ধচন্দ্র,আবহাওয়া,ওয়াক্সিং,চাঁদ,বৃদ্ধিপ্রাপ্ত অর্ধচন্দ্র,মহাকাশ
🌓	nature	first,moon,quarter,space,first quarter moon	আবহাওয়া,চতুর্থাংশ,চাঁদ,চাঁদের প্রথম চতুর্থাংশ,মহাকাশ
🌔	nature	gibbous,moon,space,waxing,waxing gibbous moon	অর্ধাধিক,আবহাওয়া,ওয়াক্সিং,চাঁদ,বৃদ্ধিপ্রাপ্ত অর্ধাধিক চাঁদ,মহাকাশ
🌕	nature	full,moon,space,full moon,night,lunar	আবহাওয়া,চাঁদ,পূর্ণ,পূর্ণিমা,মহাকাশ,রাত
🌖	nature	gibbous,moon,space,waning,waning gibbous moon	অর্ধাধিক,আবহাওয়া,ক্ষীয়মাণ,চাঁদ,মহাকাশ,ক্ষীয়মাণ অর্ধাধিক চাঁদ
🌗	nature	last,moon,quarter,space,last quarter moon	আবহাওয়া,চতুর্থাংশ,চাঁদ,চাঁদের একাংশ,চাঁদের শেষ চতুর্থাংশ,মহাকাশ
🌘	nature	crescent,moon,space,waning,waning crescent moon	অর্ধচন্দ্র,আবহাওয়া,ক্ষীয়মাণ,চাঁদ,মহাকাশ,ক্ষীয়মাণ অর্ধচন্দ্র
🌙	nature	crescent,moon,ramadan,space,crescent moon,night,eid	অর্ধচন্দ্র,আবহাওয়া,চাঁদ,মহাকাশ,রমজান,রাত,ঈদ
🌚	nature	face,moon,new,space,new moon face	অমাবস্যা,আবহাওয়া,চাঁদ,চাঁদের নতুন মুখ,চোখ নাক মুখ আঁকা চাঁদ,মহাকাশ,মুখ
🌛	nature	face,first,moon,quarter,space,first quarter moon face	চাঁদ,মহাকাশ,মুখ,মুখের সাথে চাঁদের প্রথম এক চতুর্থাংশ
🌜	nature	dreams,face,last,moon,quarter,last quarter moon face	অর্ধ-চন্দ্র,এক ফালি চাঁদ,চাঁদ,মহাকাশ,মুখ,মুখের সাথে চাঁদের শেষ এক চতুর্থাংশ
🌡️	nature	thermometer,weather,temperature,fever,hot	আবহাওয়া,জ্বর,থার্মোমিটার,তাপমাত্রা
☀️	nature	bright,rays,space,sun,sunny,weather,hot,day	আবহাওয়া,উজ্জ্বল,মহাকাশ,রশ্মি,রোদ,সূর্য,দিন,গরম
🌝	nature	bright,face,full,moon,full moon face	আবহাওয়া,উজ্জ্বল,চাঁদ,পূর্ণ,মহাকাশ,মুখ,মুখের সাথে পূর্ণ চাঁদ
🌞	nature	beach,bright,day,face,heat,shine,sun,sunny,sunshine,weather,sun with face,with	আবহাওয়া,উজ্জ্বল,মহাকাশ,মুখ,মুখের সাথে সূর্য,সূর্য
🪐	nature	planet,ringed,saturn,saturnine,ringed planet	গম্ভীরস্বভাব,গ্রহ,নক্ষত্র,বলয় বেষ্টিত,বলয়যুক্ত গ্রহ,মহাকাশ,শনি
⭐	nature	astronomy,medium,star,stars,white,favorite,night,shine	তারা,সাদা মাঝারি তারা,তারকা,রাত
🌟	nature	glittery,glow,glowing,night,shining,sparkle,star,win,glowing star,shine,bright	উজ্জ্বল তারা,উদ্ভাস,উদ্ভাসিত,জ্বলজ্বলে,ঝকমক,তারা,দ্যুতি,উজ্জ্বল,ঝলমল
🌠	nature	falling,night,shooting,space,star,shooting star	উল্কা,তারা,পতিত,মহাকাশ,শুটিং
🌌	nature	milky,space,way,milky way	আকাশগঙ্গা,আবহাওয়া,মহাকাশ,মিল্কিওয়ে
☁️	nature	cloud,weather,cloudy	আবহাওয়া,মেঘ,আবহাওয়া
⛅	nature	behind,cloud,cloudy,sun,weather,sun behind cloud,partly cloudy,sun cloud	আবহাওয়া,মেঘ,মেঘাচ্ছন্ন,মেঘের পিছনে সূর্য,সূর্য,রোদ,আবহাওয়া
⛈️	nature	cloud,lightning,rain,thunder,thunderstorm,cloud with lightning and rain,with,and,storm	আবহাওয়া,বজ্রপাত,বৃষ্টি,মেঘ,মেঘের গর্জন,মেঘের সাথে বিদ্যুতের ঝলক ও বৃষ্টি,ঝড়,বজ্র
🌤️	nature	behind,cloud,sun,weather,sun behind small cloud,small	অল্প মেঘের পিছনে সূর্য,আবহাওয়া,মেঘ,মেঘ রোদ্দুর,সূর্য
🌥️	nature	behind,cloud,sun,weather,sun behind large cloud,large	আবহাওয়া,বেশি মেঘের পিছনে সূর্য,মেঘ,মেঘের আড়ালে সূর্য,সূর্য,সূর্যের উঁকি মারা
🌦️	nature	behind,cloud,rain,sun,weather,sun behind rain cloud	আবহাওয়া,বৃষ্টি,মেঘ,মেঘের সাথে বৃষ্টির পিছনে সূর্য,সূর্য
🌧️	nature	cloud,rain,weather,cloud with rain,with,rainy,drizzle	আবহাওয়া,বৃষ্টি,বৃষ্টির সাথে মেঘ,মেঘ,আবহাওয়া
🌨️	nature	cloud,cold,snow,weather,cloud with snow,with	আবহাওয়া,ঠান্ডা,তুষারপাত,বরফের সাথে মেঘ,মেঘ
🌩️	nature	cloud,lightning,weather,cloud with lightning,with,thunder,storm	আবহাওয়া,বজ্রপাত,বিদ্যুতের ঝলকের সাথে মেঘ,বিদ্যুৎ চমক,মেঘ,মেঘের সাথে বজ্রপাত,বজ্র,ঝড়
🌪️	nature	cloud,tornado,weather,whirlwind,cyclone,storm,twister	আবহাওয়া,ঘূর্ণিঝড়,মেঘ,টর্নেডো,ঘূর্ণিঝড়,ঝড়
🌫️	nature	cloud,fog,weather	আবহাওয়া,কুয়াশা,মেঘ
🌬️	nature	blow,cloud,face,wind,wind face	আবহাওয়া,বাতাস,মুখ,মেঘ,হাওয়া,হাওয়ার মুখ,হাল্কা হাওয়া
🌀	nature	cyclone,dizzy,hurricane,twister,typhoon,weather	আবহাওয়া,টাইফুন,বিভ্রান্তিকর,সাইক্লোন,হতবুদ্ধি
🌈	nature	gay,genderqueer,glbt,glbtq,lesbian,lgbt,lgbtq,lgbtqia,nature,pride,queer,rain,rainbow,trans,transgender,weather,colorful	আবহাওয়া,বৃষ্টি,রংধনু,রামধনু,রঙিন
🌂	nature	closed,clothing,rain,umbrella,closed umbrella	আবহাওয়া,ছাতা,পোশাক,বন্ধ ছাতা,বৃষ্টি
☂️	nature	clothing,rain,umbrella	আবহাওয়া,ছাতা,পোশাক,বৃষ্টি
☔	nature	clothing,drop,drops,rain,umbrella,weather,umbrella with rain drops,with	আবহাওয়া,ছাতা,ছাতাতে বৃষ্টির ফোঁটা লাগা,পোশাক,ফোঁটা,বৃষ্টি,বৃষ্টি পড়ে টাপুর টুপুর
⛱️	nature	ground,rain,sun,umbrella,umbrella on ground,on	আবহাওয়া,ছাতা,বৃষ্টি,মাটিতে ছাতা,সূর্য
⚡	nature	danger,electric,electricity,high,lightning,nature,thunder,thunderbolt,voltage,zap,high voltage,bolt,fast	ঝটকা,বিদ্যুৎ,বিদ্যুৎ চমক,বিপদ,বেশি ভোল্টেজ,বৈদ্যুতিক,ভোল্টেজ,বজ্র,দ্রুত
❄️	nature	cold,snow,snowflake,weather,winter,frozen	আবহাওয়া,ঠান্ডা,তুষারকণা,তুষারপাত,তুষার,শীত,বরফ
☃️	nature	cold,man,snow,snowman	আবহাওয়া,ঠান্ডা,তুষারপাত,তুষারমানব,বরফের মানুষ
⛄	nature	cold,man,snow,snowman,snowman without snow,without,winter	আবহাওয়া,ঠান্ডা,তুষার ছাড়াই তুষারমানব,তুষারপাত,তুষারমানব,শীত
☄️	nature	comet,space,meteor,fire	ধূমকেতু,মহাকাশ,উল্কা
🔥	nature	af,burn,fire,flame,hot,lit,litaf,tool	আগুন,গরম,শিখা,সরঞ্জাম,জ্বলন্ত
💧	nature	cold,comic,drop,droplet,nature,sad,sweat,tear,water,weather,rain	আবহাওয়া,কমিক,ঘাম,চোখের জল,জলের ফোঁটা,ঠান্ডা,পানি,ফোঁটা,জল
🌊	nature	nature,ocean,surf,surfer,surfing,water,wave,water wave,sea	আবহাওয়া,জল,জল তরঙ্গ,ঢেউ,পানি,মহাসাগর,সমুদ্রের ঢেউ,সার্ফার,সাগর,সমুদ্র
🎃	activities	celebration,halloween,jack,jack-o-lantern,lantern,pumpkin,jack o lantern,spooky	উদযাপন,কুমড়ো,জ্যাক,জ্যাকো লণ্ঠন,লণ্ঠন,হ্যালোইন,কুমড়া
🎄	activities	celebration,christmas,tree,christmas tree,holiday,xmas,december	উদযাপন,ক্রিসমাস,ক্রিসমাস ট্রী,গাছ,বড়দিন
🎆	activities	boom,celebration,entertainment,fireworks,yolo,new year,explosion	আতস বাজি,উদযাপন,আতশবাজি,নববর্ষ
🎇	activities	boom,celebration,fireworks,sparkle,sparkler	আতশবাজি,উদযাপন,দ্যুতি,ফুলঝুড়ি,বাজি,ফুলঝুরি
🧨	activities	dynamite,explosive,fire,firecracker,fireworks,light,pop,popping,spark,bomb	আগুন,আগুনের শিখা,আতশবাজি,আলো,জ্বলন্ত আগুন,ডিনামাইট,বাজি,বিস্ফোরক,বোমা,পটকা
✨	activities	*,magic,sparkle,sparkles,star,shine,glitter,new	*,উজ্জ্বল,জ্বলজ্বলে,ঝিকিমিকি,তারা,দ্যুতি,ঝলমল,জাদু,চকচকে
🎈	activities	balloon,birthday,celebrate,celebration,party	উদযাপন,জন্মদিন,বার্থডে,বেলুন,পার্টি
🎉	activities	awesome,birthday,celebrate,celebration,excited,hooray,party,popper,tada,woohoo,party popper,congrats	অনুষ্ঠান,ইয়াহু,উদযাপন,টাডা,পপার,পার্টি,হুড়রে,পার্টি পপার,অভিনন্দন,আনন্দ
🎊	activities	ball,celebrate,celebration,confetti,party,woohoo,confetti ball,congrats	উদযাপন,কনফেট্টি,বল,কনফেট্টি বল,কনফেত্তি,পার্টি
🎋	activities	banner,celebration,japanese,tanabata,tree,tanabata tree	উদযাপন,গাছ,জাপানি,তানাবাতা ট্রী,ব্যানার
🎍	activities	bamboo,celebration,decoration,japanese,pine,plant,pine decoration	উদযাপন,গাছ,জাপানি,পাইন,পাইনের সজ্জা,বাঁশ
🎎	activities	celebration,doll,dolls,festival,japanese,japanese dolls	উৎসব,উদযাপন,জাপানি,পুতুল,জাপানি পুতুল
🎏	activities	carp,celebration,streamer,carp streamer	আলোকরশ্মি,উদযাপন,কার্প,কার্প স্ট্রিমার
🎐	activities	bell,celebration,chime,wind,wind chime	উইন্ড চাইম,উদযাপন,ঘণ্টা,হাওয়া
🎑	activities	celebration,ceremony,moon,viewing,moon viewing ceremony,moon viewing,festival,japanese	অনুষ্ঠান,উদযাপন,চন্দ্র দর্শন,চাঁদ,চাঁদ দেখার উৎসব,চাঁদ দেখা,উৎসব
🧧	activities	envelope,gift,good,hóngbāo,lai,luck,money,red,see,red envelope	অর্থ,উপহার,কপাল,ঘুষ,বকশিশ,লাই সি,লাল,লাল খাম,লাল খামে বকশিশ,সৌভাগ্য,হং বাও
🎀	activities	celebration,ribbon,bow,gift,cute	উদযাপন,রিবন,ফিতা,উপহার
🎁	activities	birthday,bow,box,celebration,christmas,gift,present,surprise,wrapped,wrapped gift	উদযাপন,উপহার,জড়ান,বাক্স,মোড়কে থাকা উপহার,জন্মদিন,চমক
🎗️	activities	celebration,reminder,ribbon,reminder ribbon,awareness,cause	অনুস্মারক,উদযাপন,ফিতা,রিবন,অনুস্মারক রিবন,সচেতনতা
🎟️	activities	admission,ticket,tickets,admission tickets,event,entry	টিকেট,প্রবেশ,প্রবেশের টিকিট,টিকিট
🎫	activities	admission,stub,ticket,event	টিকিট,প্রবেশ
🎖️	activities	award,celebration,medal,military,military medal,honor	উদযাপন,পদক,পুরস্কার,মিলিটারি পদক,মিলেটারির মেডেল,মেডেল,সামরিক,সামরিক পদক,সম্মান
🏆	activities	champion,champs,prize,slay,sport,trophy,victory,win,winning,winner,award,first	ট্রফি,পুরস্কার,বিজয়ী,চ্যাম্পিয়ন
🏅	activities	award,gold,medal,sports,winner,sports medal	খেলার পদক,পদক,পুরস্কার,সোনা,স্বর্ণপদক,বিজয়ী
🥇	activities	1st,first,gold,medal,place,1st place medal,gold medal,winner,champion	পদক,প্রথম,প্রথম স্থানের পদক,ফার্স্ট,মেডেল,মোনার,সোনার পদক,বিজয়ী
🥈	activities	2nd,medal,place,second,silver,2nd place medal,silver medal,runner up	দ্বিতীয়,দ্বিতীয় স্থানের পদক,মেডেল,রুপো,সেকেন্ড,রূপার পদক,দ্বিতীয়
🥉	activities	3rd,bronze,medal,place,third,3rd place medal,bronze medal	তৃতীয়,তৃতীয় স্থানের পদক,থার্ড,ব্রোঞ্জ,মেডেল,ব্রোঞ্জ পদক,তৃতীয়
⚽	activities	ball,football,futbol,soccer,sport,soccer ball	ফুটবল,বল,খেলা
⚾	activities	ball,baseball,sport	বল,বেসবল,খেলা
🥎	activities	ball,glove,softball,sports,underarm	আন্ডারআর্ম,খেলা,খেলাধুলা,খেলার জিনিস,গ্লোভ,দস্তানা,বল,সফটবল,সফ্টবল
🏀	activities	ball,basketball,hoop,sport,hoops	বল,বাস্কেটবল,হুপ,খেলা
🏐	activities	ball,game,volleyball,sport	খেলা,বল,ভলিবল
🏈	activities	american,ball,bowl,football,sport,super,american football,nfl	আমেরিকান,কার্যকলাপ,খেলাধুলা,ফুটবল,বল,সুপারবল,আমেরিকান ফুটবল,খেলা
🏉	activities	ball,football,rugby,sport,rugby football	ফুটবল,বল,রাগবি,রাগবি ফুটবল
🎾	activities	ball,racquet,sport,tennis	টেনিস,টেনিস খেলার ব্যাট,বল,খেলা
🥏	activities	disc,flying,ultimate,flying disc	আল্টিমেট,উড়ন্ত ডিস্ক,চূড়ান্ত,ডিস্ক,ফ্রিসবি,ফ্লাইং ডিস্ক
🎳	activities	ball,bowling,game,sport,strike,pins	খেলা,বল,বোলিং,স্ট্রাইক
🏏	activities	ball,bat,cricket,game,cricket game,sport,wicket	ক্রিকেট,খেলা,বল,ব্যাট,উইকেট
🏑	activities	ball,field,game,hockey,stick,field hockey,sport	খেলা,বল,মাঠ,মাঠে হকি,লাঠি,হকি,হকি স্টিক
🏒	activities	game,hockey,ice,puck,stick,ice hockey	আইস হকি স্টিক,আইস হকি স্টিক এবং পুক,খেলা,পাক,পুক,বরফ,লাঠি,হকি
🥍	activities	ball,goal,lacrosse,sports,stick	খেলা,খেলাধুলা,গোল,বল,ব্যাট বল,ল্যাক্রোসি,স্টিক
🏓	activities	ball,bat,game,paddle,ping,pingpong,pong,table,tennis,ping pong,table tennis,sport	খেলা,টিটি,টেবিল টেনিস,পিং পং,পিং পঙ্গ,পিংপং,বল,ব্যাট
🏸	activities	badminton,birdie,game,racquet,shuttlecock,sport	খেলা,টেনিস খেলের ব্যাট,বার্ডআই,ব্যাডমিন্টন,শাটলকক
🥊	activities	boxing,glove,boxing glove,fight,punch,sport	খেলা,গ্লাব্স,ঘুষি,বক্সিং,বক্সিং গ্লাভস
🥋	activities	arts,judo,karate,martial,taekwondo,uniform,martial arts uniform,martial arts	ইউনিফর্ম,উইনিফর্ম,কারাটে,খেলা,জুডো,তাইকুন্ডো,মার্শাল আর্টের,মার্শাল আর্টের উইনিফর্ম,মার্শাল আর্ট,কারাতে
🥅	activities	goal,net,goal net	খেলা,গোল,গোল করার নেট,নেট,বল,গোল নেট
⛳	activities	flag,golf,hole,sport,flag in hole,in	গর্ত,গর্তের মধ্যে পতাকা,গলফ,খেলা
⛸️	activities	ice,skate,skating,ice skate,winter	বরফ,বরফে স্কেট করা,বরফে স্কেটিং,স্কেট,স্কেটিং
🎣	activities	entertainment,fish,fishing,pole,sport,fishing pole,hobby	বর্শি,মাছ,মাছ ধরার ছিপ,মাছ ধরার বর্শি,মেরু,মাছ ধরা,বড়শি
🤿	activities	diving,mask,scuba,snorkeling,diving mask	খেলা,ডাইভিং,ডুবুরির মুখোশ,স্কুবা,স্নরকেলিং
🎽	activities	athletics,running,sash,shirt,running shirt	উত্তরীয়,চলমান,জামা,দৌড়ানোর জামা
🎿	activities	ski,skis,snow,sport	তুষারপাত,স্কি
🛷	activities	luge,sled,sledge,sleigh,snow,toboggan	তুষার,বরফ,স্নো,স্লেজ,স্লেজ গাড়ি
🥌	activities	curling,game,rock,stone,curling stone	কারলিং,কার্লিং স্টোন,খেলা,গেম,পাথর,বরফ,রক
🎯	activities	bull,bullseye,dart,direct,entertainment,game,hit,target,goal,aim	খেলা,চোখ,ডার্ট,বুল,বুল্সআই,লক্ষ্য,সরাসরি হিট করা,হিট,নিশানা
🪀	activities	fluctuate,toy,yo-yo	ইয়ো-ইয়ো,ওঠানামা করা,খেলনা,খেলা,ফ্ল্যাকচুয়েট,য়ো-য়ো
🪁	activities	fly,kite,soar	উড়ে যায়,ওড়া,খেলা,ঘুড়ি,মাঝ আকাশে
🔫	activities	gun,handgun,pistol,revolver,tool,water,weapon,water pistol,water gun,squirt,toy	অস্ত্র,পিস্তল,বন্দুক,রিভলবার,সরঞ্জাম,পানির পিস্তল,খেলনা
🎱	activities	8,8ball,ball,billiard,eight,game,pool,pool 8 ball	8 পুল বল,8 বলের পুল,আট,খেলা,পুল,বল,বিলিয়ার্ড
🔮	activities	ball,crystal,fairy,fairytale,fantasy,fortune,future,magic,tale,tool,crystal ball,predict	কল্পনা,ক্রিস্টাল,বল,রূপকথা,সরঞ্জাম,সৌভাগ্য,ক্রিস্টাল বল,জাদুর গোলক,ভাগ্য,ভবিষ্যৎ
🪄	activities	magic,magician,wand,witch,wizard,magic wand	ইন্দ্রজাল,জাদু,জাদুকর,জাদুদণ্ড,জাদুর ছড়ি,ডাইনি,মন্ত্র,ম্যাজিক
🎮	activities	controller,entertainment,game,video,video game,gaming,play	কন্ট্রোলার,খেলা,নিয়ন্ত্রক,ভিডিও গেম,গেমিং
🕹️	activities	game,joystick,video,videogame	খেলা,জয়স্টিক,ভিডিও গেম
🎰	activities	casino,gamble,gambling,game,machine,slot,slots,slot machine,jackpot	খেলা,স্লট,স্লট মেশিন,জুয়া,ক্যাসিনো
🎲	activities	dice,die,entertainment,game,game die,gamble,random,ludo	খেলা,খেলার ছক্কা,ডাই,পাশা,লুডো,ছক্কা,লুডু
🧩	activities	clue,interlocking,jigsaw,piece,puzzle,puzzle piece,solve	ইঙ্গিত,ইন্টারলকিং,একত্র,জিগস,টুকরো,ধাঁধা,পাজল,পাজেলের টুকরো,সূত্র
🧸	activities	bear,plaything,plush,stuffed,teddy,toy,teddy bear	খেলনা,খেলা,খেলার জিনিস,খেলার পণ্য,খেলার বস্তু,টেডি বিয়ার,পুতুল,প্লাশ,ভালুক
🪅	activities	candy,celebrate,celebration,cinco,de,festive,mayo,party,pinada,pinata,piñata	অনুষ্ঠান,উৎসব,উদযাপন,ক্যান্ডি,পার্টি,পিনাতা,পিনাদা,পিয়াঁতা,মেক্সিকান,পিনাটা
🪩	activities	ball,dance,disco,glitter,mirror,party,mirror ball	গ্লিটার,ডান্স,ডিস্কো,পার্টি,মিরর বল
🪆	activities	babooshka,baboushka,babushka,doll,dolls,matryoshka,nesting,russia,nesting dolls	ডল,নেস্টিং,পুতুল,বাবুশকা,ম্যাট্রোশকা,রাশিয়া,রাশিয়ান,রুশ,নেস্টিং ডল
♠️	activities	card,game,spade,suit,spade suit	কার্ড,খেলা,তাস খেলা,স্পেড,স্যুট,স্পেড স্যুট
♥️	activities	card,emotion,game,heart,hearts,suit,heart suit	কার্ড,খেলা,স্যুট,হার্ট,হার্টস,হার্ট স্যুট
♦️	activities	card,diamond,game,suit,diamond suit	কার্ড,খেলা,চিহ্ন,ডায়মন্ড,ডায়মন্ডস,তাশ,স্যুট,ডায়মন্ড স্যুট
♣️	activities	card,club,clubs,game,suit,club suit	কার্ড,ক্লাব,ক্লাবস,গেম,স্যুট,ক্লাব স্যুট
♟️	activities	chess,dupe,expendable,pawn,chess pawn,strategy,game	ছলনা,দাবা,দাবা গুটি,বর্ধনশীল,খেলা
🃏	activities	card,game,joker,wildcard	কার্ড,খেলা,জোকার,তাস
🀄	activities	dragon,game,mahjong,red,mahjong red dragon	খেলা,ড্রাগন,মাহজঙ্গ,লাল,মাহজঙ্গ লাল ড্রাগন
🎴	activities	card,cards,flower,game,japanese,playing,flower playing cards	কার্ড,খেলা,জাপানি,তাস,ফুল,ফুল বাজানোর কার্ড,ফুল সজ্জিত তাস
🎭	activities	actor,actress,art,arts,entertainment,mask,performing,theater,theatre,thespian,performing arts,drama,masks,acting	আর্ট,কলা,কলা সম্পাদন,থিয়েটার,পারফর্ম করা,মুখোশ,নাটক,থিয়েটার,অভিনয়
🖼️	activities	art,frame,framed,museum,painting,picture,framed picture	কলা,ছবি,পেন্টিং,ফ্রেম,ফ্রেমের সাথে ছবি,মিউজিয়াম
🎨	activities	art,artist,artsy,arty,colorful,creative,entertainment,museum,painter,painting,palette,artist palette,paint	কলা,পেন্টিং,প্যালেট,মিউজিয়াম,রঙিন,শিল্পী প্যালেট,শিল্প,রং,আঁকা,চিত্রশিল্পী
🧵	activities	needle,sewing,spool,string,thread	তার,দড়ি,নাটাই,রীল,লাটাই,সুতা,সূঁচ,সেলাই,স্ট্রিং
🪡	activities	embroidery,needle,sew,sewing,stitches,sutures,tailoring,thread,sewing needle	এম্ব্রয়ডারি,জোড়,দরজি,সুই,সুতা,সূচ,সূচের ফোঁড়,সেলাই
🧶	activities	ball,crochet,knit,yarn	উলের সুতো,কুরুশশিল্প,ক্রোশেই,বয়ন,বল,বুনা,বোনা,সুতা,সুতার পুটলি,সুতো,হস্তশিল্প
🪢	activities	cord,knot,rope,tangled,tie,twine,twist	গাঁট,গিঁট,টাই,দড়ি,পাকানো,বন্ধন,বাঁকানো,বাঁধা
👓	objects	clothing,eye,eyeglasses,eyewear,glasses	চশমা,চোখ,চোখে পরার,পোশাক
🕶️	objects	dark,eye,eyewear,glasses,sunglasses	গাঢ়,চশমা,চোখ,সানগ্লাস
🥽	objects	dive,eye,goggles,protection,scuba,swimming,welding	ওয়েল্ডিং,গগলস,গ্লাস,চশমা,চোখের সুরক্ষা,জলে ঝাঁপ,ঝালাই,ডুব,ডুবুরী,রঙিন চশমা,রোদ চশমা,সাঁতার
🥼	objects	clothes,coat,doctor,dr,experiment,jacket,lab,scientist,white,lab coat	গবেষণা,চিকিত্সক,জামাকাপড়,জ্যাকেট,ডাক্তার,পরীক্ষা-নিরীক্ষা,পোষাক,বিজ্ঞানী,ল্যাব কোট,সাদা কোট
🦺	objects	emergency,safety,vest,safety vest	জরুরি পরিস্থিতিতে,জরুরী অবস্থা,জামা কাপড়,জ্যাকেট,নিরাপত্তা,পোশাক,সুরক্ষা জ্যাকেট,সেফ্টি জ্যাকেট
👔	objects	clothing,employed,necktie,serious,shirt,tie	গলার টাই,টাই,পোশাক,শার্ট
👕	objects	blue,casual,clothes,clothing,collar,dressed,shirt,shopping,t-shirt,tshirt,weekend	কেনাকাটা,টি শার্ট,টি-শার্ট,নীল,পোশাক,শার্ট
👖	objects	blue,casual,clothes,clothing,denim,dressed,jeans,pants,shopping,trousers,weekend	জিনস,ট্রাউজার্স,পোশাক,প্যান্ট
🧣	objects	bundle,cold,neck,scarf,up	কুণ্ডলী পাকানো,গলাবন্ধ,ঘাড়,ঠাণ্ডা,স্কার্ফ,স্মাইলি
🧤	objects	gloves,hand	গ্লাভস,দস্তানা,স্মাইলি,হাত,হাতমোজা
🧥	objects	brr,bundle,coat,cold,jacket,up	কোট,জামা,জ্যাকেট,ঠাণ্ডা,স্মাইলি
🧦	objects	socks,stocking	মোজা,স্টকিং,স্মাইলি
👗	objects	clothes,clothing,dress,dressed,fancy,shopping	জামা,ফ্রক
👘	objects	clothing,comfortable,kimono	কিমোনো,পোশাক
🥻	objects	clothing,dress,sari	কাপড়,জামা কাপড়,পোশাক,শাড়ি
🩱	objects	bathing,one-piece,suit,swimsuit,one-piece swimsuit	এক পিসের সাঁতারের পোশাক,জামা কাপড়,পোশাক,সাঁতার,সাঁতারের পোশাক,সুইমিং কস্টিউম,স্নানের পোশাক
🩲	objects	bathing,briefs,one-piece,suit,swimsuit,underwear	অন্তর্বাস,এক-পিস,ওয়ান-পিস,জাঙ্গিয়া,জামা কাপড়,সাঁতার,সুইমিং কস্টিউম,স্নারের পোশাক
🩳	objects	bathing,pants,shorts,suit,swimsuit,underwear	অন্তর্বাস,জামা কাপড়,পোশাক,প্যান্ট,শর্টস,সাঁতার,সাঁতারের পোশাক,স্নানের পোশাক
👙	objects	bathing,beach,bikini,clothing,pool,suit,swim	পুল,পোশাক,বিকিনি,সাঁতার কাটা
👚	objects	blouse,clothes,clothing,collar,dress,dressed,lady,shirt,shopping,woman,woman’s,woman’s clothes	নারী,পোশাক,মহিলাদের পোশাক,শার্ট
🪭	objects	clack,clap,cool,cooling,dance,fan,flirt,flutter,folding,hand,hot,shy,folding hand fan	গরম,ঝাপ্টানো,ঠাণ্ডা হওয়া,নাচ,পাখা,ভাঁজ করা হাত পাখা,লাজুক,শীতল
👛	objects	clothes,clothing,coin,dress,fancy,handbag,purse,shopping	পার্স,পোশাক,মুদ্রা
👜	objects	bag,clothes,clothing,dress,handbag,lady,purse,shopping	পার্স,পোশাক,ব্যাগ,হাতে নেওয়ার ব্যাগ,হাতের ব্যাগ,হ্যান্ড ব্যাগ
👝	objects	bag,clothes,clothing,clutch,dress,handbag,pouch,purse,clutch bag	পাউচ,পার্স,পুঁটলি,পোশাক,ব্যাগ,স্মাইলি,হাতব্যাগ,হ্যান্ড বাগ
🛍️	objects	bag,bags,hotel,shopping,shopping bags	কেনাকাটা,কেনাকাটার ব্যাগ,ব্যাগ,শপিং,হোটেল
🎒	objects	backpack,backpacking,bag,bookbag,education,rucksack,satchel,school	ব্যাকপ্যাক,ব্যাগ,স্কুল,স্কুলের পিঠে নেওয়ার ব্যাগ,স্কুলের ব্যাগ
🩴	objects	beach,flip,flop,sandal,sandals,shoe,thong,thongs,zōri,thong sandal	চটি,চপ্পল,জুতা,জোরি,পাদুকা,ফ্লিপ ফ্লপ,স্যান্ডেল,হাওয়াই চপ্পল
👞	objects	brown,clothes,clothing,feet,foot,kick,man,man’s,shoe,shoes,shopping,man’s shoe	খয়েরি জুতো,জুতো,পুরুষ,পুরুষের জুতো,পোশাক,বাদামি জুতো,বুট জুতো
👟	objects	athletic,clothes,clothing,fast,kick,running,shoe,shoes,shopping,sneaker,tennis,running shoe	ক্রীড়াবিষয়ক,জুতা,জুতো,দৌড়ানোর জুতো,পোশাক,লাথি,স্নীকার
🥾	objects	backpacking,boot,brown,camping,hiking,outdoors,shoe,hiking boot	ক্যাম্পিং,জুতো,পর্বতারোহণ,বুট,বুটজুতো,ব্যাকপ্যাকিং,শিবির,হাইকিং,পর্বতারহণের জুতো
🥿	objects	ballet,comfy,flat,flats,shoe,slip-on,slipper,flat shoe	আরামদায়ক,চটি,জুতা,নিউ কাট,ফ্ল্যাট জুতা,ফ্ল্যাট জুতো,ব্যালেট ফ্ল্যাট,স্লিপ-অন
👠	objects	clothes,clothing,dress,fashion,heel,heels,high-heeled,shoe,shoes,shopping,stiletto,woman,high-heeled shoe	উচু হিলের জুতো,গোড়ালি,জুতো,নারী,পোশাক
👡	objects	clothing,sandal,shoe,woman,woman’s,woman’s sandal	জুতো,নারী,পোশাক,মহিলাদের চটি,স্যান্ডেল
🩰	objects	ballet,dance,shoes,ballet shoes	জুতো,নাচ,ব্যালে,ব্যালে জুতা,ব্যালে নাচের জুতো,ব্যালের জুতো
👢	objects	boot,clothes,clothing,dress,shoe,shoes,shopping,woman,woman’s,woman’s boot	জুতো,নারী,পোশাক,বুট,মহিলাদের বুট,মেয়েদের বুট
🪮	objects	afro,comb,groom,hair,pick,hair pick	আফ্রো,চিরুনি,চুল,ছাড়ানো,চুল ছাড়ানো
👑	objects	clothing,crown,family,king,medieval,queen,royal,royalty,win	পোশাক,মুকুট,রাজসিক,রাজা,রাণী
👒	objects	clothes,clothing,garden,hat,hats,party,woman,woman’s,woman’s hat	টুপি,নারী,পোশাক,মহিলাদের টুপি
🎩	objects	clothes,clothing,fancy,formal,hat,magic,top,tophat,top hat	উঁচু টুপি,জাদু,টপ,টুপি,পোশাক,হ্যাট
🎓	objects	cap,celebration,clothing,education,graduation,hat,scholar,graduation cap,degree,university,graduate	উদযাপন,গ্রাজুয়েশন,গ্রাজুয়েশনের টুপি,টুপি,পোশাক,স্নাতক,স্নাতক হওয়া,গ্র্যাজুয়েশন,শিক্ষা,ডিগ্রি
🧢	objects	baseball,bent,billed,cap,dad,hat,billed cap	ক্যাপ,টুপি,বিল্ড টুপি,বেসবলের টুপি,স্মাইলি,হ্যাট
🪖	objects	army,helmet,military,soldier,war,warrior,military helmet	জোয়ান,মিলিটারি,যুদ্ধ,যোদ্ধা,সামরিক,সিপাহী,সেনাবাহিনী,সৈনিক,হেলমেট,মিলিটারি হেলমেট
⛑️	objects	aid,cross,face,hat,helmet,rescue,worker’s,rescue worker’s helmet	উদ্ধারকারী কর্মীর হেলমেট,ক্রস,চিকিৎসা,টুপি,মুখ,সাদা ক্রস সহ হেলমেট,হেলমেট
📿	objects	beads,clothing,necklace,prayer,religion,prayer beads,tasbih,rosary	জপমালা,জপের মালা,ধর্ম,নেকলেস,পোশাক,প্রার্থনা,তসবিহ
💄	objects	cosmetics,date,lipstick,makeup	প্রসাধনী,মেকআপ,লিপস্টিক
💍	objects	diamond,engaged,engagement,married,ring,romance,shiny,sparkling,wedding	আংটি,বাগদান,বিবাহিত,রোমান্স,হীরা
💎	objects	diamond,engagement,gem,jewel,money,romance,stone,wedding,gem stone,precious,ring	বিয়ে,মণি,রত্ন,রত্ন পাথর,রোমান্স,হীরা,হীরে,মূল্যবান
🔇	objects	mute,muted,quiet,silent,sound,speaker,muted speaker,no sound,speaker off	আওয়াজ,চিহ্ন,নিঃশব্দ,নীরব,শান্ত,স্পিকার,স্পিকার নিরব,স্পিকার বন্ধ,স্পিকার বন্ধ করা হয়েছে,মিউট,শব্দহীন
🔈	objects	low,soft,sound,speaker,volume,speaker low volume,speaker low,quiet	আওয়াজ,কম আওয়াজে স্পিকার,নরম,স্পিকার,শব্দ,আস্তে
🔉	objects	medium,sound,speaker,volume,speaker medium volume,speaker medium	ভলিউম,মাঝারি,স্পিকার,স্পিকার মাঝারি আওয়াজ,শব্দ
🔊	objects	high,loud,music,sound,speaker,volume,speaker high volume,speaker loud,audio	খুব জোরে,খুব জোরে স্পিকার,জোরে,স্পিকার,স্পিকার জোরে,শব্দ,ভলিউম
📢	objects	address,communication,loud,loudspeaker,public,sound	জনগণের উদ্দেশ্যে,জোরে,লাউড স্পিকার
📣	objects	cheering,megaphone,sound	ভেপু,মেগাফোন,হর্ষধ্বনি
📯	objects	horn,post,postal,postal horn	ডাক,পোস্ট,পোস্টাল,পোস্টাল হর্ণ,শিঙা,হর্ন
🔔	objects	bell,break,church,sound,notification,ring,alert	ঘণ্টা,বেল,নোটিফিকেশন,সতর্কতা
🔕	objects	bell,forbidden,mute,no,not,prohibited,quiet,silent,slash,sound,bell with slash,with,bell off,no sound	ঘণ্টা,না,নিঃশব্দ,নিষিদ্ধ,নীরব,শান্ত,স্ল্যাশের সাথে বেল,মিউট,ঘণ্টা বন্ধ
🎼	objects	music,musical,note,score,musical score,sheet,notes	সঙ্গীত,সঙ্গীতের স্কোর,স্কোর,সুর,সংগীত,স্বরলিপি
🎵	objects	music,musical,note,sound,musical note,song,melody	গানের স্বরলিপি,নোট,সঙ্গীত,সুর,গান,সংগীত
🎶	objects	music,musical,note,notes,sound,musical notes,song,melody,tune	নোট,নোটস,সঙ্গীত,সঙ্গীতের নোট,সুর,গান,সংগীত
🎙️	objects	mic,microphone,music,studio,studio microphone	মাইক,মাইক্রোফোন,সঙ্গীত,স্টুডিও,স্টুডিও মাইক্রোফোন
🎚️	objects	level,music,slider,level slider	মাত্রা,লেবেল স্লাইডার,সঙ্গীত,স্লাইডার
🎛️	objects	control,knobs,music,control knobs	গান,নব,নিয়ন্ত্রণ,নিয়ন্ত্রণ বোতাম,সঙ্গীত
🎤	objects	karaoke,mic,microphone,music,sing,sound,song	কারাওকে,মাইক,মাইক্রোফোন,গান
🎧	objects	earbud,headphone,sound,headphones,music,listen,audio	ইয়ারবাড,হেডফোন,গান,শোনা
📻	objects	entertainment,radio,tbt,video,music,broadcast,news	ভিডিও,রেডিও,গান,সংবাদ
🎷	objects	instrument,music,sax,saxophone,jazz	সঙ্গীত,সঙ্গীত যন্ত্র,স্যাক্সোফোন,জ্যাজ,বাদ্য
🎺	objects	instrument,music,trumpet,brass	ভেঁপু,সঙ্গীত,সঙ্গীত যন্ত্র,সানাই,ট্রাম্পেট,বাদ্য
🪊	objects	brass,instrument,jazz,music,sad,slide,trombone	জ্যাজ,দুঃখজনক,বাদ্যযন্ত্র,ব্রাস,সঙ্গীত,স্লাইড,ট্রম্বন
🪗	objects	accordion,box,concertina,instrument,music,squeeze,squeezebox	অ্যাকর্ডিয়ান,একর্ডিয়ন,একর্ডিয়ান,কনসার্টিনা,বাদ্যযন্ত্র,মিউজিক,স্কিজবক্স,স্কুইজ বক্স
🎸	objects	guitar,instrument,music,strat,rock	গিটার,সঙ্গীত,সঙ্গীত যন্ত্র,গান,রক,বাদ্য
🎹	objects	instrument,keyboard,music,musical,piano,musical keyboard	কীবোর্ড,পিয়ানো,মিউজিক্যাল কীবোর্ড,সঙ্গীত,সঙ্গীত যন্ত্র,পিয়ানো,বাদ্যযন্ত্র
🎻	objects	instrument,music,violin,classical	বাজনা,বেহালা,ভায়োলিন,সঙ্গীত,সঙ্গীত যন্ত্র,বাদ্য,সংগীত
🪕	objects	banjo,music,stringed	তারযুক্ত,বাজনা,বাদ্য যন্ত্র,ব্যাঞ্জো,সঙ্গীত
🥁	objects	drum,drumsticks,music,beat,percussion	গান,ড্রাম,ড্রামস্টিক,সংগীত,ঢোল,তবলা,বাদ্য
🪘	objects	beat,conga,drum,instrument,long,rhythm,long drum	কংগা,ছন্দ,ড্রাম,ঢাকি,ঢোল বাজানো,তাল,বাদ্যযন্ত্র,লং ড্রাম,সঙ্গীত
🪇	objects	cha,dance,instrument,maracas,music,party,percussion,rattle,shake,shaker	ঝাঁকান,ঝুমঝুমি,পারকাশন,মারাকাস,ম্যারাকাস,যন্ত্র,সঙ্গীত
🪈	objects	band,fife,flautist,flute,instrument,marching,music,orchestra,piccolo,pipe,recorder,woodwind	উডউইন্ড,পাইপ,বাঁশি,রেকর্ডার,সঙ্গীত
🪉	objects	cupid,harp,instrument,love,music,orchestra	অর্কেস্ট্রা,কিউপিড,বাদ্যযন্ত্র,বীণা,ভালোবাসা,সঙ্গীত,হার্প
📱	objects	cell,communication,mobile,phone,telephone,mobile phone,smartphone,iphone,call	টেলিফোন,ফোন,মোবাইল,সেল,মোবাইল ফোন,স্মার্টফোন,কল
📲	objects	arrow,build,call,cell,communication,mobile,phone,receive,telephone,mobile phone with arrow,with	কল,গ্রহণ,টেলিফোন,তীর,তীর সহ মোবাইল ফোন,ফোন,বস্তু,মোবাইল,সেল
☎️	objects	phone,telephone	টেলিফোন,ফোন
📞	objects	communication,phone,receiver,telephone,voip,telephone receiver	টেলিফোন,ফোন,যোগাযোগ,রিসিভার,টেলিফোন রিসিভার
📟	objects	communication,pager	পেজার,যোগাযোগ
📠	objects	communication,fax,machine,fax machine	ফ্যাক্স,ফ্যাক্স মেশিন
🔋	objects	battery,power,charge,energy	ব্যাটারি,চার্জ,শক্তি
🪫	objects	battery,drained,electronic,energy,low,power,low battery	lএনার্জি কম,এনার্জি কম,বৈদ্যুতিন,ব্যাটারি কম
🔌	objects	electric,electricity,plug,electric plug,power,charge	ইলেকট্রিক প্ল্যাগ,প্লাগ,বিদ্যুৎ,বৈদ্যুতিক,চার্জ
💻	objects	computer,laptop,office,pc,personal,work,coding	অফিস,কম্পিউটার,পিসি,ব্যক্তিগত,ল্যাপটপ,ল্যাপটপ কম্পিউটার,কাজ,কোডিং
🖥️	objects	computer,desktop,monitor,desktop computer,pc	কম্পিউটার,ডেস্কটপ,ডেস্কটপ কম্পিউটার,মনিটর
🖨️	objects	computer,printer,print,office	কম্পিউটার,প্রিন্টার,ছাপা,অফিস
⌨️	objects	computer,keyboard,typing,keys	কম্পিউটার,কিবোর্ড,কীবোর্ড,টাইপিং
🖱️	objects	computer,mouse,computer mouse,click	কম্পিউটার,কম্পিউটারের মাউস,বোতাম,মাউস,ক্লিক
🖲️	objects	computer,trackball	কম্পিউটার,জিনিস,ট্র্যাকবল,বস্তু
💽	objects	computer,disk,minidisk,optical,computer disk	অপটিক্যাল,কম্পিউটার,ডিস্ক,মিনি ডিস্ক,কম্পিউটার ডিস্ক
💾	objects	computer,disk,floppy,floppy disk,save,storage,retro	কম্পিউটার,ডিস্ক,ফ্লপি,ফ্লপি ডিস্ক,সেভ,সংরক্ষণ
💿	objects	blu-ray,cd,computer,disk,dvd,optical,optical disk,disc,music,storage	অপটিক্যাল,অপ্টিক্যাল ডিস্ক,কম্পিউটার,ডিভিডি,ডিস্ক,সিডি
📀	objects	blu-ray,cd,computer,disk,dvd,optical,disc,movie,storage	অপটিক্যাল,কম্পিউটার,ডিভিডি,ডিস্ক,নীল রশ্মি,সিডি
🧮	objects	abacus,calculation,calculator	অ্যাবাকাস,ক্যালকুলেটর,গণনা,গণনাযন্ত্র,হিসাব
🎥	objects	bollywood,camera,cinema,film,hollywood,movie,record,movie camera,video	ক্যামেরা,চলচ্চিত্র,মুভি,সিনেমা,মুভি ক্যামেরা,ভিডিও
🎞️	objects	cinema,film,frames,movie,film frames	ফিল্ম,ফিল্মের ফ্রেম,ফ্রেম,মুভি,সিনেমা
📽️	objects	cinema,film,movie,projector,video,film projector	প্রজেক্টর,ফিল্ম,ভিডিও,মুভি,সিনেমা,ফিল্ম প্রজেক্টর
🎬	objects	action,board,clapper,movie,clapper board,film,cinema	অ্যাকশন,ক্ল্যাপার,ক্ল্যাপার বোর্ড,মুভি,সিনেমা,চলচ্চিত্র
📺	objects	television,tv,video,watch,screen	টিভি,টেলিভিশন,ভিডিও,দেখা
📷	objects	camera,photo,selfie,snap,tbt,trip,video,picture,photography	ক্যামেরা,ভিডিও,ছবি,ফটো
📸	objects	camera,flash,video,camera with flash,with,camera flash,photo,selfie,snapshot	ক্যামেরা,ফ্ল্যাশ,ফ্ল্যাশযুক্ত ক্যামেরা,ভিডিও,ছবি,সেলফি
📹	objects	camcorder,camera,tbt,video,video camera,record,film	ক্যামেরা,ভিডিও,ভিডিও ক্যামেরা,রেকর্ড
📼	objects	old,school,tape,vcr,vhs,video,videocassette	টেপ,ভিএচইএস,ভিডিও,ভিডিও ক্যাসেট
🔍	objects	glass,lab,left,left-pointing,magnifying,science,search,tilted,tool,magnifying glass tilted left	অনুসন্ধান,আতস,কাচ,কাঁচ,টুল,বাঁদিকে হেলানো আতস কাঁচ,সরঞ্জাম
🔎	objects	contact,glass,lab,magnifying,right,right-pointing,science,search,tilted,tool,magnifying glass tilted right	অনুসন্ধান,আতস,কাচ,কাঁচ,ডানদিকে হেলানো আতস কাঁচ,সরঞ্জাম
🕯️	objects	candle,light,flame,wax	আলো,মোমবাতি,শিখা
💡	objects	bulb,comic,electric,idea,light,light bulb,bright,electricity	আলো,আলোর বাল্ব,কমিক,ধারণা,বাল্ব,বৈদ্যুতিক,বাতি,আইডিয়া,বুদ্ধি
🔦	objects	electric,flashlight,light,tool,torch	আলো,ফ্ল্যাশ লাইট,বৈদ্যুতিক,মশাল,সরঞ্জাম,টর্চ,লাইট
🏮	objects	bar,lantern,light,paper,red,restaurant,red paper lantern,festival	আলো,জাপানি,বার,রেস্টুরেন্ট,রেস্তরাঁ,লণ্ঠন,লাল,লাল কাগজের লণ্ঠন,উৎসব
🪔	objects	diya,lamp,light,oil,diya lamp,diwali,oil lamp	আলো,তেল,প্রদীপ,বাতি,দিয়া,দীপাবলি
📔	objects	book,cover,decorated,decorative,education,notebook,school,writing,notebook with decorative cover,with	আবরণ,নোটবই,বই,সজ্জিত,সজ্জিত মলাটযুক্ত নোটবই
📕	objects	book,closed,education,closed book	পড়াশুনা,বই,বই বন্ধ করা,বন্ধ,বন্ধ বই
📖	objects	book,education,fantasy,knowledge,library,novels,open,reading,open book,read,study	খোলা,বই,খোলা বই,পড়া
📗	objects	book,education,fantasy,green,library,reading,green book	বই,সবুজ,সবুজ বই
📘	objects	blue,book,education,fantasy,library,reading,blue book	নীল,বই,নীল বই
📙	objects	book,education,fantasy,library,orange,reading,orange book	কমলা,কমলা রঙয়ের বই,পড়াশুনা,বই,লেখাপড়া,কমলা বই
📚	objects	book,books,education,fantasy,knowledge,library,novels,reading,school,study,read	বই,পড়া,লাইব্রেরি,শিক্ষা,পাঠ
📓	objects	notebook	নোটবই,নোটবুক
📒	objects	ledger,notebook	খাতা,নোটবই,নোটের খাতা
📃	objects	curl,document,page,paper,page with curl,with	কুন্ডলী পাকানো,ডকুমেন্ট,নথি,পৃষ্ঠা,মোড়ানো পৃষ্ঠা
📜	objects	paper,scroll,document,ancient	কাগজ,পাকানো,স্ক্রল,দলিল
📄	objects	document,facing,page,paper,up,page facing up,file	কাগজ,ডকুমেন্ট,নথি,পৃষ্ঠা,পৃষ্ঠাটির মুখ উপরের দিকে,দলিল,ফাইল
📰	objects	communication,news,newspaper,paper,press,headline	কাগজ,পেপার,যোগাযোগ,সংবাদ,সংবাদপত্র,খবর,পত্রিকা
🗞️	objects	news,newspaper,paper,rolled,rolled-up,rolled-up newspaper,rolled newspaper,delivery	কাগজ,খবরের কাগজ,পাকানো,রোল করা খবরের কাগজ,রোল করা সংবাদপত্র,সংবাদ,সংবাদপত্র
📑	objects	bookmark,mark,marker,tabs,bookmark tabs	চিহ্ন,ট্যাব,বুকমমার্ক ট্যাব,বুকমার্ক,মার্কার
🔖	objects	bookmark,mark	চিহ্ন,বুকমার্ক
🏷️	objects	label,tag	লেবেল
🪙	objects	coin,dollar,euro,gold,metal,money,rich,silver,treasure	ইউরো,কয়েন,টাকা,ডলার,ধনী,ধাতু,মুদ্রা,মোহর,রুপা,সোনা
💰	objects	bag,bank,bet,billion,cash,cost,dollar,gold,million,money,moneybag,paid,paying,pot,rich,win,money bag,wealth	খরচ,টাকা,টাকার ব্যাগ,ডলার,দাম,ব্যাংক,ব্যাগ,মানিব্যাগ,ধনী,সম্পদ,নগদ
🪎	objects	gem,gold,jewels,loot,money,prize,silver,valuables,wealth,treasure chest,treasure,chest	ধনভাণ্ডার,পুরস্কার,মূল্যবান,মোহর,রত্ন,রূপা,লুট,সোনা,গুপ্তধন
💴	objects	bank,banknote,bill,currency,money,note,yen,yen banknote,cash,japan	ইয়েন,কাগজের মুদ্রা,টাকা,নোট,বিল,ব্যাংক,ব্যাঙ্ক,ব্যাঙ্কনোট,মুদ্রা,ইয়েন ব্যাঙ্কনোট,ইয়েন
💵	objects	bank,banknote,bill,currency,dollar,money,note,dollar banknote,cash,usd	টাকা,ডলার,নোট,বিল,ব্যাঙ্ক,ব্যাঙ্কনোট,মুদ্রা,ডলার ব্যাঙ্কনোট,নগদ
💶	objects	100,bank,banknote,bill,currency,euro,money,note,rich,euro banknote,cash,europe	ইউরো,কাগজের মুদ্রা,টাকা,নোট,বড়লোক,বিল,ব্যাংক,ব্যাঙ্ক,ব্যাঙ্কনোট,মুদ্রা,ইউরো ব্যাঙ্কনোট
💷	objects	bank,banknote,bill,billion,cash,currency,money,note,pound,pounds,pound banknote,uk	কাগজের মুদ্রা,টাকা,নোট,পাউন্ড,বিল,ব্যাংক,ব্যাঙ্ক,ব্যাঙ্কনোট,মুদ্রা,পাউন্ড ব্যাঙ্কনোট
💸	objects	bank,banknote,bill,billion,cash,dollar,fly,million,money,note,pay,wings,money with wings,with,money wings,flying money,spend,expensive,loss	ওড়া,টাকা,টাকার সাথে পাখা,ডলার,ডানা,নোট,বিল,ব্যাংক,ব্যাঙ্ক,খরচ,ব্যয়,দামি
💳	objects	bank,card,cash,charge,credit,money,pay,credit card,payment	ঋণ,কার্ড,ক্রেডিট কার্ড,টাকা,ব্যাংক,পেমেন্ট
🧾	objects	accounting,bookkeeping,evidence,invoice,proof,receipt	অ্যাকাউন্টিং,ইনভয়েস,গণনা,চালান,দলিল,নথি,প্রমাণ,রসিদ,হিসাব,হিসাবরক্ষণ
💹	objects	bank,chart,currency,graph,growth,increasing,market,money,rise,trend,upward,yen,chart increasing with yen,with	ইয়েন,ইয়েনের সাথে ক্রমবর্ধমান চার্ট,গ্রাফ,চার্ট,টাকা,বৃদ্ধি,ব্যাংক,মুদ্রা
✉️	objects	e-mail,email,envelope,letter,mail,message	ই-মেল,ইমেল,খাম,চিঠি,মেইল,বার্তা
📧	objects	e-mail,email,letter,mail,message,inbox	ই-মেল,ইমেল,চিঠি,মেল,ইমেইল,মেইল,বার্তা
📨	objects	delivering,e-mail,email,envelope,incoming,letter,mail,receive,sent,incoming envelope,incoming mail,message	আগত,ই-মেল,ইমেল,খাম,গ্রহণ,চিঠি,মেল,আগত খাম,আগত মেইল,বার্তা
📩	objects	arrow,communication,down,e-mail,email,envelope,letter,mail,outgoing,send,sent,envelope with arrow,with	ই-মেল,ইমেল,খাম,চিঠি,তীর,তীর যুক্ত খাম,তীরের সাথে খাম,নিম্নমুখী,পাঠানো মেল,বহির্গামী
📤	objects	box,email,letter,mail,outbox,sent,tray,outbox tray,send,upload	আউটবক্স,চিঠি,ট্রে,প্রেরিত,বাক্স,মেল,আউটবক্স ট্রে,পাঠানো,আপলোড,মেইল
📥	objects	box,email,inbox,letter,mail,receive,tray,zero,inbox tray,download	ইনবক্স,গ্রহণ,চিঠি,ট্রে,বাক্স,মেল,ইনবক্স ট্রে,ডাউনলোড
📦	objects	box,communication,delivery,package,parcel,shipping	কুরিয়ার,প্যাকেজ,বাক্স,মোড়ক,শিপিং,ডেলিভারি,পার্সেল
📫	objects	closed,communication,flag,mail,mailbox,postbox,raised,closed mailbox with raised flag,with	উত্থিত পতাকার সাথে বন্ধ মেলবাক্স,ডাক বাক্স,ডাকবাক্স,বন্ধ,মেল,মেলবাক্স
📪	objects	closed,flag,lowered,mail,mailbox,postbox,closed mailbox with lowered flag,with	ডাক বাক্স,নত,নত করা পতাকার সাথে বন্ধ মেলবাক্স,বন্ধ,মেল,মেলবাক্স
📬	objects	flag,mail,mailbox,open,postbox,raised,open mailbox with raised flag,with	উত্থিত পতাকার সাথে খোলা মেলবাক্স,খোলা,ডাক বাক্স,ডাকবাক্স,মেল,মেলবাক্স
📭	objects	flag,lowered,mail,mailbox,open,postbox,open mailbox with lowered flag,with	খোলা,ডাক বাক্স,ডাকবাক্স,নত,নত পতাকার সাথে খোলা মেলবাক্স,পতাকা নামানো,পোস্টবক্স,মেল,মেলবাক্স
📮	objects	mail,mailbox,postbox	পোস্টবক্স,মেল,মেলবাক্স
🗳️	objects	ballot,box,ballot box with ballot,with	বাক্স,ব্যালট,ব্যালটের সাথে ব্যালট বক্স
✏️	objects	pencil,write,edit,draw	পেনসিল,পেন্সিল,লেখা,আঁকা
✒️	objects	black,nib,pen,black nib	কলম,কালো নিব,নিব,পেন
🖋️	objects	fountain,pen,fountain pen	কলম,পেন,ফাউন্টেন,ফাউন্টেন পেন
🖊️	objects	ballpoint,pen,write	কলম,পেন,বলপেন,লেখা
🖌️	objects	paintbrush,painting,paint,art,draw	পেইন্ট ব্রাশ,পেন্টিং,তুলি,রং,আঁকা,শিল্প
🖍️	objects	crayon,draw,color	ক্রেয়ন,মোমরং,ক্রেয়ন,আঁকা,রং
📝	objects	communication,media,memo,notes,pencil,note,write,edit	পেন্সিল,বস্তু,মিডিয়া,মেমো,যোগাযোগ,স্মারকলিপি,নোট,লেখা,খাতা
💼	objects	briefcase,office	ব্রিফকেস
📁	objects	file,folder,file folder,directory,documents	ফাইল,ফোল্ডার,ফাইল ফোল্ডার,নথি
📂	objects	file,folder,open,open file folder,open folder,directory	খোলা,ফাইল,ফোল্ডার,ফাইল ফোল্ডার খোলা,খোলা ফোল্ডার
🗂️	objects	card,dividers,index,card index dividers,card index,files,organize	কার্ড,কার্ডের সূচীর বিভাজক,বিভক্ত,সূচক,ফাইল,সংগঠন
📅	objects	calendar,date,schedule,day	ক্যালেন্ডার,তারিখ,সময়সূচি,দিন
📆	objects	calendar,tear-off,tear-off calendar,tear off calendar,date,schedule	ক্যালেন্ডার,ক্যালেন্ডারের পাতা ছেঁড়া,টিয়ার-অফ ক্যালেন্ডার,দিনপঞ্জিকা,তারিখ
🗒️	objects	note,notepad,pad,spiral,spiral notepad	নোট,পেঁচানো,প্যাড,স্পাইরাল নোটপ্যাড
🗓️	objects	calendar,pad,spiral,spiral calendar,date,schedule,plan	ক্যালেন্ডার,পেঁচানো,প্যাড,স্পাইরাল ক্যালেন্ডার,তারিখ,পরিকল্পনা
📇	objects	card,index,old,rolodex,school,card index	কার্ড,কার্ড ইনডেক্স,কার্ডের সূচী,রোলোডেক্স,সূচক
📈	objects	chart,data,graph,growth,increasing,right,trend,up,upward,chart increasing,chart up,increase,profit,stocks	উর্ধ্বমুখী,ক্রমবর্ধমান চার্ট,গ্রাফ,চার্ট,প্রবণতা,বৃদ্ধি,ঊর্ধ্বমুখী,লাভ,শেয়ার
📉	objects	chart,data,decreasing,down,downward,graph,negative,trend,chart decreasing,chart down,decrease,loss,decline,stocks	ক্রমহ্রাসমান চার্ট,গ্রাফ,চার্ট,নিম্নমুখী,প্রবণতা,হ্রাস,ক্ষতি,পতন
📊	objects	bar,chart,data,graph,bar chart,statistics,analytics	গ্রাফ,চার্ট,বার,বার চার্ট,পরিসংখ্যান,ডেটা
📋	objects	clipboard,do,list,notes	কাজের তালিকা,কী করতে হবে,ক্লিপবোর্ড,নোট,ফর্দ
📌	objects	collage,pin,pushpin,location,important	পিন,পুশপিন,গুরুত্বপূর্ণ
📍	objects	location,map,pin,pushpin,round,round pushpin,here	গোলাকার পুশপিন,পিন,পুশ পিন,লোকেশন,অবস্থান,মানচিত্র
📎	objects	paperclip,attach,clip,office	পেপারক্লিপ,পেপার ক্লিপ,সংযুক্তি,ক্লিপ
🖇️	objects	link,linked,paperclip,paperclips,linked paperclips	জিনিস,পেপার ক্লিপ,বস্তু,লিংক,সংযুক্ত পেপার ক্লিপ
📏	objects	angle,edge,math,ruler,straight,straightedge,straight ruler,measure,school	রুলার,সোজা প্রান্ত,সোজা রুলার,স্কেল,মাপা
📐	objects	angle,math,rule,ruler,set,slide,triangle,triangular,triangular ruler,triangle ruler,measure,geometry	ত্রিভুজ,ত্রিভুজাকৃতি রুলার,রুলার,সেট,সেট স্কয়ার,জ্যামিতি,মাপা
✂️	objects	cut,cutting,paper,scissors,tool,craft	কাঁচি,টুল,সরঞ্জাম,কাটা
🗃️	objects	box,card,file,card file box	কার্ড,কার্ডের ফাইল বক্স,ফাইল,বাক্স
🗄️	objects	cabinet,file,filing,paper,file cabinet	ক্যাবিনেট,ফাইল,ফাইলের ক্যাবিনেট
🗑️	objects	can,garbage,trash,waste,wastebasket,bin,delete	নোংরা ফেলার ঝুড়ি,বাজে কাগজ ফেলার ঝুঁড়ি,ময়লা ফেলার ঝুড়ি,ময়লা,আবর্জনা,ঝুড়ি,মুছা
🔒	objects	closed,lock,locked,private,secure	গোপন,তালা,বন্ধ,তালা বন্ধ,নিরাপদ
🔓	objects	cracked,lock,open,unlock,unlocked,access	খোলা,তালা,খোলা তালা,আনলক
🔏	objects	ink,lock,locked,nib,pen,privacy,locked with pen,with	কলম,কালি,গোপনীয়তা,তালা,নিব,পেন ও তালা,পেনের সাথে তালা
🔐	objects	bike,closed,key,lock,locked,secure,locked with key,with	চাবি,চাবি দিয়ে তালা বন্ধ করা,তালা,নিরাপদ,বন্ধ
🔑	objects	key,keys,lock,major,password,unlock,access	চাবি,তালা,পাসওয়ার্ড,পাসওয়ার্ড,আনলক
🗝️	objects	clue,key,lock,old,old key,antique,unlock	চাবি,তালা,পুরানো,পুরোনো চাবি,সূত্র,পুরানো চাবি
🔨	objects	hammer,home,improvement,repairs,tool,build,fix	সরঞ্জাম,হাতুড়ি,হাতুড়ি,যন্ত্র,নির্মাণ
🪓	objects	ax,axe,chop,hatchet,split,wood	কাঠ,কাঠ কাটা,কুঠার,কুড়াল,ক্ষুদ্র কুঠার,টুকরো করা,ফালি করা
⛏️	objects	hammer,mining,pick,tool	কুড়াল,খনন,টুল,সরঞ্জাম
⚒️	objects	hammer,pick,tool,hammer and pick,and,hammer pick,tools,work	গাইতি,টুল,সরঞ্জাম,হাতুড়ি,হাতুড়ি এবং কুড়াল,হাতুড়ি,যন্ত্র,কাজ
🛠️	objects	hammer,spanner,tool,wrench,hammer and wrench,and,hammer wrench,tools,repair,build,settings	রেঞ্চ,সরঞ্জাম,হাতুড়ি,হাতুড়ি এবং রেঞ্চ,যন্ত্রপাতি,মেরামত,নির্মাণ
🗡️	objects	dagger,knife,weapon,sword,blade	অস্ত্র,ছুরি,তলোয়ার,ছোরা
⚔️	objects	crossed,swords,weapon,crossed swords	অস্ত্র,আড়াআড়ি ভাবে থাকা,আড়াআড়ি রাখা তলোয়ার,আড়াআড়িভাবে রাখা তলোয়ার,তলোয়ার
💣	objects	bomb,boom,comic,dangerous,explosion,hot	কমিক,বোমা
🪃	objects	boomerang,rebound,repercussion,weapon	অস্ত্র,একধরনের ক্ষেপণাস্ত্র,প্রতিক্রিয়া,প্রতিক্ষিপ্ত,বুমেরাং,বুমের‌্যাঙ
🏹	objects	archer,archery,arrow,bow,sagittarius,tool,weapon,zodiac,bow and arrow,and	অস্ত্র,তীর,তীরন্দাজ,ধনু,ধনুক,ধনুরাশি,রাশিচক্র,সরঞ্জাম,তীর ধনুক
🛡️	objects	shield,weapon,protect,defense,security	অস্ত্র,ঢাল,রক্ষা,নিরাপত্তা
🪚	objects	carpenter,carpentry,cut,lumber,saw,tool,trim,carpentry saw	করাত,করাতি,কাটা,চিরা,ছাঁটা,ছুতারের কাজের করাত,ছুতোর,টুল,যন্ত্রপাতি
🔧	objects	home,improvement,spanner,tool,wrench,fix,repair	টুল,রেঞ্চ,সরঞ্জাম,যন্ত্র,মেরামত
🪛	objects	flathead,handy,screw,screwdriver,tool	যন্ত্রপাতি,স্ক্রু,স্ক্রুড্রাইভার
🔩	objects	bolt,home,improvement,nut,tool,nut and bolt,and,nut bolt,screw,hardware	টুল,নাট,নাট এবং বোল্ট,নাট-বল্টু,বল্টু,বোল্ট,সরঞ্জাম,নাট বল্টু,স্ক্রু,যন্ত্রাংশ
⚙️	objects	cog,cogwheel,gear,tool,settings,machine,config	গিয়ার,টুল,সরঞ্জাম,গিয়ার,সেটিংস,যন্ত্র
🗜️	objects	clamp,compress,tool,vice	কম্প্রেশন,ক্ল্যাম্প,টুলস,ভাইস,সরঞ্জাম
⚖️	objects	balance,justice,libra,scale,scales,tool,weight,zodiac,balance scale,law	ওজন,তুলা,তুলা রাশি,বিচার,ভারসাম্য,ভারসাম্য স্কেল,রাশিচক্র,সরঞ্জাম,দাঁড়িপাল্লা,ন্যায়বিচার,আইন
🦯	objects	accessibility,blind,cane,probing,white,white cane	অন্ধ,অন্ধ ব্যক্তি,অন্ধের লাঠি,অ্যাক্সেসিবিলিটি,লাঠি
🔗	objects	link,links	লিংক,লিঙ্ক
⛓️‍💥	objects	break,breaking,broken,chain,cuffs,freedom,broken chain	কাফ,চেইন,ভাঙা শিকল,ভাঙ্গা,শিকল,স্বাধীনতা
⛓️	objects	chain,chains	চেইন,চেন,শিকল,শৃঙ্খল
🪝	objects	catch,crook,curve,ensnare,hook,point,selling	আঁকড়ি,ধরা,ফাঁদে ফেলা,বড়শি,বঁড়শি,বাঁক,বাঁকানো,সেলিং পয়েন্ট,হুক
🧰	objects	box,chest,mechanic,red,tool,toolbox	কেস,চেস্ট,টুল,টুলবক্স,বক্স,মিস্ত্রি,মেকানিক,যন্ত্র,লাল বক্স
🧲	objects	attraction,horseshoe,magnet,magnetic,negative,positive,shape,u,attract	u আকৃতি,অশ্বখুর,আকর্ষণ,ইতিবাচক নেতিবাচক,চুম্বক,চৌম্বক,চৌম্বকীয়
🪜	objects	climb,ladder,rung,step	আরোহণ,ওঠা-নামা,চড়াই করা,পদক্ষেপ,মই,মইয়ের ধাপ,সিঁড়ি
🪏	objects	bury,dig,garden,hole,plant,scoop,shovel,snow,spade	কোদাল,খনন,খোঁড়া,গর্ত,বেলচা,স্কুপ
⚗️	objects	alembic,chemistry,tool	অ্যালেমবিক,টুল,রসায়ন,সরঞ্জাম
🧪	objects	chemist,chemistry,experiment,lab,science,test,tube,test tube	কেমিস্ট,গবেষণা,গবেষণাগার,টেস্ট টিউব,পরীক্ষা,বিজ্ঞান,রসায়ন,রসায়নবিদ,ল্যাব,সায়েন্স
🧫	objects	bacteria,biologist,biology,culture,dish,lab,petri,petri dish	গবেষণাগার,জীববিজ্ঞানী,জীববিদ্যা,পেট্রি ডিশ,ব্যাকটেরিয়া,ল্যাব,সংস্কৃতি
🧬	objects	biologist,dna,evolution,gene,genetics,life,science,biology	জিন,জীন,জীবন,জীববিজ্ঞানী,জেনেটিক্স,ডিএনএ,বিবর্তন,বিজ্ঞান
🔬	objects	experiment,lab,microscope,science,tool,research	বিজ্ঞান,মাইক্রোস্কোপ,সরঞ্জাম,অণুবীক্ষণ,গবেষণা
🔭	objects	contact,extraterrestrial,science,telescope,tool,astronomy,stars,space	টেলিস্কোপ,সরঞ্জাম,দূরবীন,জ্যোতির্বিদ্যা,তারা
📡	objects	aliens,antenna,contact,dish,satellite,science,satellite antenna	অ্যান্টেনা,উপগ্রহ,ডিশ,স্যাটেলাইট অ্যান্টেনা
💉	objects	doctor,flu,medicine,needle,shot,sick,syringe,tool,vaccination,injection,vaccine,medical	অসুস্থ,ইঞ্জেকশন,ওষুধ,টিকা,ডাক্তার,ভ্যাকসিন,সরঞ্জাম,সিরিঞ্জ,সূঁচ,ইনজেকশন
🩸	objects	bleed,blood,donation,drop,injury,medicine,menstruation,drop of blood,of	আঘাত,ঋতুস্রাব,এক ফোঁটা রক্ত,ওষুধ,ঔষধ,রক্ত পরা,রক্তদান,রজঃস্রাব
💊	objects	doctor,drugs,medicated,medicine,pill,pills,sick,vitamin,drug,health,capsule	অসুস্থ,ওষুধ,ডাক্তার,পিল,বড়ি,ভিটামিন,ক্যাপসুল,চিকিৎসা
🩹	objects	adhesive,bandage,adhesive bandage,band aid,injury,heal	আঠালো ব্যান্ডেজ,ছোট ব্যান্ডেজ,ব্যাণ্ডেজ,ব্যান্ডেজ,আঘাত,চিকিৎসা
🩼	objects	aid,cane,crutch,disability,help,hurt,injured,mobility,stick	অক্ষমতা,ক্রাচ,গতিশীলতার সহায়ক,বেত,ব্যাথা পাওয়া,লাঠি,সাহায্য চাই
🩺	objects	doctor,heart,medicine,stethoscope,medical,health	ওষুধ,ঔষধ,ডাক্তার,নিঃশ্বাস,পরীক্ষা করা,শ্বাস প্রশ্বাস,স্টেথোস্কোপ,স্বাস্থ্য,হার্ট,চিকিৎসা
🩻	objects	bones,doctor,medical,skeleton,skull,x-ray,xray	এক্স-রে,কঙ্কাল,ডাক্তার,ডাক্তারি,হাড়
🚪	objects	back,closet,door,front,entrance,exit,open	দরজা,পেছনের দরজা,সামনের দরজা,প্রবেশ,বাহির
🛗	objects	accessibility,elevator,hoist,lift	অ্যাকসেসিবিলিটি,উত্তোলক যন্ত্র,এলিভেটর,ওঠা-নামা,লিফ্ট,হয়েস্ট
🪞	objects	makeup,mirror,reflection,reflector,speculum	আয়না,ছদ্মবেশ,ছায়া,দর্পণ,প্রতিচ্ছায়া,প্রতিফলিত,প্রতিবিম্ব,প্রতিরুপ,মেকআপ,সাজসজ্জা
🪟	objects	air,frame,fresh,opening,transparent,view,window	উইন্ডো,কাঁচের পাল্লা,খোলা,জানালা,তাজা বাতাস,দৃশ্য,ফ্রেম,বাতায়ন,স্বচ্ছ
🛏️	objects	bed,hotel,sleep,rest,bedroom	ঘুম,বিছানা,শুয়ে,শোওয়া,হোটেল,বিশ্রাম,খাট
🛋️	objects	couch,hotel,lamp,couch and lamp,and,sofa,living room,relax	কাউচ,পালঙ্ক ও বাতি,ল্যাম্প,সোফা,হোটেল,বসার ঘর,আরাম
🪑	objects	chair,seat,sit	আসন,চেয়ার,বসার জায়গা
🚽	objects	bathroom,toilet,restroom,wc	টয়লেট,শৌচাগার,টয়লেট,বাথরুম
🪠	objects	cup,force,plumber,plunger,poop,suction,toilet	চাপদণ্ড,টয়লেট,পরিষ্কার,প্লানজার,প্লামবার,ফোর্স কাপ,রাবার,ল্যাট্রিন,সাকশন,হাতল
🚿	objects	shower,water,bath,clean,wash	গোছল,জল,পানি,শাওয়ার,ঝরনা,গোসল,স্নান
🛁	objects	bath,bathtub,relax,clean	গোছল,বাথটব,স্নান,বাথটাব,গোসল
🪤	objects	bait,cheese,lure,mouse,mousetrap,snare,trap,mouse trap	ইঁদুর ধরার কল,ইঁদুর ধরার ফাঁদ,চিজ,টোপ,পনির,প্রলোভন,ফাঁদ,ফাঁদে ধরা,ফাঁদে ফেলা,শিকার
🪒	objects	razor,sharp,shave	ক্ষুর,জিনিস,দাড়ি কামানো,দাড়ি কামানো জন্য,দাড়ি কামানোর জন্য,ধারাল,রেজর,সরঞ্জাম
🧴	objects	bottle,lotion,moisturizer,shampoo,sunscreen,lotion bottle,soap,skincare	ময়শ্চারাইজার,লোশন,লোশন বোতল,লোশনের বোতল,শ্যাম্পু,সানস্ক্রিন,বোতল
🧷	objects	diaper,pin,punk,rock,safety,safety pin	ডাইপার,নিরাপত্তা পিন,পাঙ্ক রক,পিন,সেফটি পিন
🧹	objects	broom,cleaning,sweeping,witch,sweep,clean	জাদুকরী,ঝাড়ু,ঝাড়ু দেওয়া,ঝাড়ু দেত্তয়া,ডাইনি,ডাইনী,পরিস্কার করা,সাফাই,ঝাড়ু,পরিষ্কার,ঝাঁট
🧺	objects	basket,farming,laundry,picnic	কৃষি,কৃষি কাজ,ঝুড়ি,টুকরি,ডালা,পিকনিক,বনভোজন,লন্ড্রি,ঝুড়ি,কাপড়
🧻	objects	paper,roll,toilet,towels,roll of paper,of,toilet paper,tissue	কাগজ,কাগজের তোয়ালে,কাগজের রোল,টয়লেট টিস্যু,টয়লেট পেপার,টিস্যু,পেপার,টয়লেট পেপার
🪣	objects	bucket,cask,pail,vat	চৌবাচ্চা,জলপাত্র,পিপা,বালতি
🧼	objects	bar,bathing,clean,cleaning,lather,soap,soapdish,wash,hygiene	গোসল,পরিষ্কার,বার,সাবান,সাবানদানি,সাবানের ফেনা,স্নান,ধোয়া
🫧	objects	bubble,bubbles,burp,clean,floating,pearl,soap,underwater	জলের নীচে,ঢেঁকুর,পরিষ্কার,বুদবুদ,ভাসমান,সাবান
🪥	objects	bathroom,brush,clean,dental,hygiene,teeth,toiletry,toothbrush	টুথ ব্রাশ,দন্ত,দাঁত,পরিষ্কার,বাথরুম,ব্রাশ,স্বাস্থ্যবিধি,টুথব্রাশ
🧽	objects	absorbing,cleaning,porous,soak,sponge,clean,absorb	ছিদ্রময়,জবজবে,পরিষ্কার,ভিজে যাওয়া,ভেজানো,শুষে নেওয়া,শোষক,সাফাই,স্পঞ্জ
🧯	objects	extinguish,extinguisher,fire,quench,fire extinguisher,safety,emergency	অগ্নি নির্বাপক,আগুন,নির্বাপণ,নেভান,অগ্নিনির্বাপক,নিরাপত্তা
🛒	objects	cart,shopping,trolley,shopping cart,buy,store,shop	কার্ট,ট্রলি,শপিং,শপিং কার্ট,কেনাকাটা,বাজার,দোকান
🚬	objects	cigarette,smoking,smoke,tobacco	ধুম্রপান,ধূমপান,সিগারেট,ধোঁয়া
⚰️	objects	coffin,dead,death,vampire,funeral,burial	কফিন,মৃত্যু,দাফন
🪦	objects	cemetery,dead,grave,graveyard,headstone,memorial,rip,tomb,tombstone	কবর,কবরখানা,কবরস্থান,কবরের শীর্ষদেশের পাথর,কবরের শীর্ষের পাথর,সমাধিপ্রস্তর,স্মৃতির ফলক
⚱️	objects	ashes,death,funeral,urn,funeral urn	অন্তেষ্ট্যি ক্রিয়াকর্মের পাত্র,অন্ত্যেষ্টিক্রিয়া,অন্ত্যেষ্টিক্রিয়ার ছাই,পাত্র,মৃত্যু
🧿	objects	amulet,bead,blue,charm,evil-eye,nazar,talisman,nazar amulet	অক্ষ,কবচ,কুদৃষ্টি,কুনজর,জাদু,নজর,নজর আমুলেট,নীল,ফোঁটা,বিন্দু
🪬	objects	amulet,fatima,fortune,guide,hamsa,hand,mary,miriam,palm,protect,protection	অ্যামুলেট,গাইড,ফতিমা,মিরিয়াম,মেরি,সুরক্ষা,হাত,হামসা
🗿	objects	face,moai,moyai,statue,stoneface,travel	মুখ,মূর্তি,মোআই,মোয়াই
🪧	objects	card,demonstration,notice,picket,placard,plaque,protest,sign	চিহ্ন,প্রতিবাদ,প্রদর্শন,প্ল্যাকার্ড,ফাঁড়ি,বিজ্ঞপ্তি
🪪	objects	card,credentials,document,id,identification,license,security,identification card	আইডি,ডকুমেন্ট,পরিচয় পত্র,লাইসেন্স,শংসাপত্র,সনাক্তকরণ কার্ড,সুরক্ষা
🏧	symbols	atm,automated,bank,cash,money,sign,teller,atm sign	এটিএম,এটিএম চিহ্ন,টেলার,ব্যাংক,ব্যাঙ্ক,স্বয়ংক্রিয়
🚮	symbols	bin,litter,litterbin,sign,litter in bin sign,in	জঞ্জাল,জঞ্জাল বাক্স,বিন চিহ্নে লিটার,ময়লা
🚰	symbols	drinking,potable,water,potable water	জল,জিনিস,ট্যাপ,পান করা,পানি,পানীয়,পেয় জল
♿	symbols	access,handicap,symbol,wheelchair,wheelchair symbol	অ্যাক্সেস,প্রবেশ,হুইলচেয়ার
🚹	symbols	bathroom,lavatory,man,men’s,restroom,room,toilet,wc,men’s room	পুরুষ,পুরুষদের কক্ষ,রেস্টরুম,শৌচাগার
🚺	symbols	bathroom,lavatory,restroom,room,toilet,wc,woman,women’s,women’s room	নারী,মহিলাদের কক্ষ,রেস্টরুম,শৌচাগার
🚻	symbols	bathroom,lavatory,restroom,toilet,wc	আরামের কক্ষ,শৌচাগার
🚼	symbols	baby,changing,symbol,baby symbol	চিহ্ন,চেঞ্জিং,শিশু,শিশুর কাপড় বদলানোর চিহ্ন,শিশুর চিহ্ন
🚾	symbols	bathroom,closet,lavatory,restroom,toilet,water,wc,water closet	জল,বাথরুম,রেস্টরুম
🛂	symbols	control,passport,passport control	নিয়ন্ত্রণ,পাসপোর্ট,পাসপোর্ট নিয়ন্ত্রণ
🛃	symbols	customs,packing	কাস্টম,কাস্টমস,প্যাকিং
🛄	symbols	arrived,baggage,bags,case,checked,claim,journey,packing,plane,ready,travel,trip,baggage claim	জিনিসপত্র দাবি করা,দাবি,ব্যাগেজ,ভ্রমণ
🛅	symbols	baggage,case,left,locker,luggage,left luggage	ব্যাগেজ,মালপত্র,মালপত্র ছেড়ে যাওয়া,লকার,লাগেজ
⚠️	symbols	caution,warning,alert,danger	ধূমপান,সতর্কতা,সাবধান,বিপদ
🚸	symbols	child,children,crossing,pedestrian,traffic,children crossing	ট্রাফিক,পথচারী,পারাপার,শিশুরা ক্রস করছে,সন্তান
⛔	symbols	do,entry,fail,forbidden,no,not,pass,prohibited,traffic,no entry	ট্রাফিক,নয়,না,নিষিদ্ধ,নিষিদ্ধ থাকা,নো এন্ট্রি,প্রবেশ,প্রবেশ নিষেধ
🚫	symbols	entry,forbidden,no,not,prohibited,smoke,banned,stop	নয়,না,নিষিদ্ধ,প্রবেশ,বন্ধ
🚳	symbols	bicycle,bicycles,bike,forbidden,no,not,prohibited,no bicycles	নয়,না,নিষিদ্ধ,নিষিদ্ধ থাকা,বাইক,বাইসাইকেল,যানবাহন,সাইকেল,সাইকেল চালানো যাবে না,বাইসাইকেল নিষিদ্ধ
🚭	symbols	forbidden,no,not,prohibited,smoke,smoking,no smoking	ধূমপান,ধূমপান করবেন না,নয়,না,নিষিদ্ধ,নিষিদ্ধ থাকা
🚯	symbols	forbidden,litter,littering,no,not,prohibited,no littering	আবর্জনা ছড়াবেন না,আবর্জনা ফেলবেন না,জঞ্জাল,নয়,না,নিষিদ্ধ,নিষিদ্ধ থাকা
🚱	symbols	dry,non-drinking,non-potable,prohibited,water,non-potable water	জল,জল পান করার উপযুক্ত নয়,নিষিদ্ধ,পেয় জল নয়
🚷	symbols	forbidden,no,not,pedestrian,pedestrians,prohibited,no pedestrians	নয়,না,নিষিদ্ধ,নিষিদ্ধ থাকা,পথচারী,যাত্রী পারাপার নিষেধ
📵	symbols	cell,forbidden,mobile,no,not,phone,phones,prohibited,telephone,no mobile phones	কোনো মোবাইল ফোন নেই,টেলিফোন,না,নিষিদ্ধ,ফোন,মোবাইল,মোবাইলের অনুমতি নেই,সেল
🔞	symbols	18,age,eighteen,forbidden,no,not,one,prohibited,restriction,underage,no one under eighteen,under,adult,restricted	18,অপরিণত,আঠারো,আঠারোর উপরে নয়,আঠারোর মধ্যে কেউ নেই,নিষিদ্ধ,বয়স সীমা,প্রাপ্তবয়স্ক
☢️	symbols	radioactive,sign,nuclear,danger	চিহ্ন,রেডিওঅ্যাকটিভ,তেজস্ক্রিয়,পারমাণবিক,বিপদ
☣️	symbols	biohazard,sign,danger,toxic	চিহ্ন,বায়োহ্যাজার্ড,বিপদজনক,জৈব বিপদ,বিষাক্ত
⬆️	symbols	arrow,cardinal,direction,north,up,up arrow,increase	উত্তর,উপরে তীর,উপরের দিকে তীর,তীর,দিক,দিকনির্দেশ,পরিমাণবাচক,উপরে,বৃদ্ধি
↗️	symbols	arrow,direction,intercardinal,northeast,up-right,up-right arrow	আন্তঃ দিগনির্ণয়,উত্তর-পূর্ব,উপরে ডানদিকে তীর,উপরে ডানে তীর,তীর,দিক
➡️	symbols	arrow,cardinal,direction,east,right,right arrow,next,forward	ডানদিকের তীর,তীর,দিক,দিকনির্দেশ,পরিমাণবাচক,পূর্ব,ডানে,পরবর্তী
↘️	symbols	arrow,direction,down-right,intercardinal,southeast,down-right arrow	আন্তঃ দিগনির্ণয়,তীর,দক্ষিণ-পূর্ব,দিক,নিচে ডান দিকের তীর,নিচে ডানদিকে তীর
⬇️	symbols	arrow,cardinal,direction,down,south,down arrow,decrease	তীর,দক্ষিণ,দিক,দিকনির্দেশ,নিচে,নিচের দিকে তীর,নিচের দিকের তীর,পরিমাণবাচক,হ্রাস
↙️	symbols	arrow,direction,down-left,intercardinal,southwest,down-left arrow	আন্তঃ দিগনির্ণয়,তীর,দক্ষিণ-পশ্চিম,দিক,নিচের বাঁঁদিকে তীর,নীচের বামে তীর
⬅️	symbols	arrow,cardinal,direction,left,west,left arrow,back	তীর,দিক,দিকনির্দেশ,পরিমাণবাচক,পশ্চিম,বাঁঁদিকের তীর,বাম তীর,বামে,পেছনে
↖️	symbols	arrow,direction,intercardinal,northwest,up-left,up-left arrow	আন্তঃ দিগনির্ণয়,উত্তর-পশ্চিম,উপরে বাঁঁদিকে তীর,উপরে বামে তীর,তীর,দিক
↕️	symbols	arrow,up-down,up-down arrow	উপর নিচে তীর,উপরে নীচে তীর,তীর
↔️	symbols	arrow,left-right,left-right arrow	চিহ্ন,তীর,বামে-ডানে তীর
↩️	symbols	arrow,curving,left,right,right arrow curving left	ডান তীর বাদিকে বাঁকানো,তীর
↪️	symbols	arrow,curving,left,right,left arrow curving right	তীর,বাম তীর ডান দিকে বাঁকানো
⤴️	symbols	arrow,curving,right,up,right arrow curving up	ঊর্ধ্বমুখী,ডান তীর উপরের দিকে বাঁকানো,ডানদিকের তীর উপরের দিকে বাঁকানো,তীর
⤵️	symbols	arrow,curving,down,right,right arrow curving down	ডান তীর নীচের দিকে বাঁকানো,ডানদিকের তীর নিচের দিকে বাঁকানো,তীর,নিম্নমুখী
🔃	symbols	arrow,arrows,clockwise,refresh,reload,vertical,clockwise vertical arrows	ঘড়ির কাঁটার উল্লম্ব তীর,ঘড়ির কাঁটার দিকে,তীর,পুনরায় লোড,রিলোড,ঘূর্ণন
🔄	symbols	again,anticlockwise,arrow,arrows,button,counterclockwise,deja,refresh,rewindershins,vu,counterclockwise arrows button,reload,sync,repeat	অ্যান্টি ক্লক,ঘড়ির কাঁটার বিপরীত দিকে,ঘড়ির কাঁটার বিপরীত দিকে ঘোরা,ঘড়ির কাঁটার বিপরীতে তীর বোতাম,ঘড়ির কাঁটার বিপরীতের বোতাম,তীর,রিফ্রেশ,রিলোড,সিঙ্ক,পুনরায়
🔙	symbols	arrow,back,back arrow	তীর,পিছনে,পিছনে তীর
🔚	symbols	arrow,end,end arrow	তীর,শেষ,শেষের তীর
🔛	symbols	arrow,mark,on!,on! arrow	অন! তীর,চালু,চিহ্ন,তীর
🔜	symbols	arrow,brb,omw,soon,soon arrow,coming soon	চিহ্ন,তাড়াতাড়ি,তাড়াতাড়ি কর,তীর,শীঘ্র তীর,শীঘ্রই,আসছে
🔝	symbols	arrow,homie,top,up,top arrow,best,highest	উপরের দিকে তীর,উর্দ্ধমুখী,খুব কাছের কেউ,তীর,শীর্ষ,শীর্ষের তীর,সেরা,টপ
🛐	symbols	place,pray,religion,worship,place of worship,of,prayer	উপাসনার স্থান,ধর্ম,পূজা,উপাসনা,প্রার্থনা
⚛️	symbols	atheist,atom,symbol,atom symbol,science,physics	অণু,কণিকার চিহ্ন,নাস্তিক,পরমাণু,পরমাণুর চিহ্ন,বিজ্ঞান,পদার্থবিদ্যা
🕉️	symbols	hindu,om,religion,spiritual	ওম,ধর্ম,হিন্দু
✡️	symbols	david,jew,jewish,judaism,religion,star,star of david,of	ইহুদি,ডেভিড,ডেভিড নক্ষত্র,তারা,ধর্ম
☸️	symbols	buddhist,dharma,religion,wheel,wheel of dharma,of	চাকা,ধর্ম,ধর্মের চাকা,বৌদ্ধ
☯️	symbols	difficult,lives,religion,tao,taoist,total,yang,yin,yinyang,yin yang,balance,harmony	ইন,ইন ইয়াঙ্গ,ইন ইয়ান,ইয়াং,কঠিন,জীবন,তাও,তাওবাদী,ধর্ম,ইয়িন ইয়াং,ভারসাম্য
✝️	symbols	christ,christian,cross,latin,religion,latin cross	ক্রস,খৃস্টান,ধর্ম,ল্যাটিন ক্রস,ক্রুশ,খ্রিস্টান
☦️	symbols	christian,cross,orthodox,religion,orthodox cross	অর্থডক্স ক্রস,ক্রস,খৃস্টান,ধর্ম
☪️	symbols	crescent,islam,muslim,ramadan,religion,star,star and crescent,and,star crescent	ইসলাম,তারা এবং অর্ধচন্দ্রাকার,ধর্ম,মুসলিম,চাঁদ তারা
☮️	symbols	healing,peace,peaceful,symbol,peace symbol,hippie	শান্তি,শান্তির চিহ্ন,শান্তির প্রতীক
🕎	symbols	candelabrum,candlestick,hanukkah,jewish,judaism,menorah,religion	ইহুদী,দীপাধার,ধর্ম,বাতিদান,মেনোরা,ইহুদি
🔯	symbols	dotted,fortune,jewish,judaism,six-pointed,star,dotted six-pointed star,six pointed star,star of david	ডট-যুক্ত ছটি পয়েন্টের তারা,তারা,সৌভাগ্য,ছয় কোণা তারা
🪯	symbols	deg,fateh,khalsa,khanda,religion,sikh,sikhism,tegh	খান্দা,খালসা,ধর্ম,শিখ,শিখ ধর্মীয় প্রতীক
♈	symbols	aries,horoscope,ram,zodiac	মেষ,রাশিচক্র
♉	symbols	bull,horoscope,ox,taurus,zodiac	বুল,বৃষ,মহিষ,রাশিচক্র
♊	symbols	gemini,horoscope,twins,zodiac	মিথুন,মিথুনরাশি,রাশিচক্র
♋	symbols	cancer,crab,horoscope,zodiac	কর্কট,কর্কটরাশি,রাশিচক্র
♌	symbols	horoscope,leo,lion,zodiac	রাশিচক্র,সিংহ,সিংহ রাশি
♍	symbols	horoscope,virgo,zodiac	কন্যা,কন্যারাশি,কুমারী,রাশিচক্র
♎	symbols	balance,horoscope,justice,libra,scales,zodiac	তুলা,তুলারাশি,বিচার,ভারসাম্য,রাশিচক্র
♏	symbols	horoscope,scorpio,scorpion,scorpius,zodiac	বৃশ্চিক,রাশিচক্র
♐	symbols	archer,horoscope,sagittarius,zodiac	ধনু,রাশিচক্র
♑	symbols	capricorn,goat,horoscope,zodiac	চিহ্ন,মকর,রাশিচক্র,রাশিফল
♒	symbols	aquarius,bearer,horoscope,water,zodiac	কুম্ভ,কুম্ভ রাশি,জল,রাশিচক্র
♓	symbols	fish,horoscope,pisces,zodiac	মীন,রাশিচক্র
⛎	symbols	bearer,ophiuchus,serpent,snake,zodiac	অফিউচুস,বাহক,রাশিচক্র,সাপ
🔀	symbols	arrow,button,crossed,shuffle,tracks,shuffle tracks button	অদলবদল ট্র্যাক বোতাম,আড়াআড়ি ভাবে অদলবদল করা,তীর,পরে
🔁	symbols	arrow,button,clockwise,repeat,repeat button	আবার,আবার করার বোতাম,ঘড়ির কাঁটার দিকে,তীর,পুনরাবৃত্তি,পুনরায় করার বোতাম
🔂	symbols	arrow,button,clockwise,once,repeat,single,repeat single button	একবার,ঘড়ির কাঁটার দিকে,তীর,পুনরায় করার একক বোতাম
▶️	symbols	arrow,button,play,right,triangle,play button	চালানো,ডানদিক,তীর,ত্রিভুজ,প্লে ফরওয়ার্ড বোতাম,প্লে ফরোয়ার্ড বোতাম,প্লে বোতাম,ফরোয়ার্ড
⏩	symbols	arrow,button,double,fast,fast-forward,forward,fast-forward button	অগ্রবর্তী,চিহ্ন,তীর,দ্বিগুণ,দ্রুত,ফাস্ট-ফরোয়ার্ড করার বোতাম,ফাস্ট-ফরোয়ার্ড বোতাম
⏭️	symbols	arrow,button,next,scene,track,triangle,next track button	তীর,ত্রিভুজ,পরবর্তী ট্র্যাক,পরবর্তী ট্র্যাকের বোতাম,পরবর্তী ট্র্যাকের যাওয়ার বোতাম,পরের দৃশ্য
⏯️	symbols	arrow,button,pause,play,right,triangle,play or pause button,or	খেলা,ডান,তীর,ত্রিভুজ,প্লে বা পজ করার বোতাম,প্লে বা বিরতি বোতাম,বিরতি
◀️	symbols	arrow,button,left,reverse,triangle,reverse button	তীর,ত্রিভুজ,প্লে রিভার্স বোতাম,বাম,বিপরীত,রিভার্স বোতাম
⏪	symbols	arrow,button,double,fast,reverse,rewind,fast reverse button	তীর,দ্বিগুণ,দ্রুত রিভার্স বোতাম,পিছনে,পিছনে ফেরা,ফাস্ট রিভার্স বোতাম
⏮️	symbols	arrow,button,last,previous,scene,track,triangle,last track button	তীর,ত্রিভুজ,পূর্ববর্তী ট্র্যাক,পূর্ববর্তী ট্র্যাকে যাওয়ার বোতাম,পূর্ববর্তী দৃশ্য,শেষের ট্র্যাক বোতাম
🔼	symbols	arrow,button,red,up,upwards,upwards button	উপরের করার বোতাম,উপরের বোতাম,তীর,বোতাম,লাল
⏫	symbols	arrow,button,double,fast,up,fast up button	তীর,দ্বিগুণ,দ্রুত উপরের বোতাম,দ্রুত এগিয়ে যাওয়ার বোতাম
🔽	symbols	arrow,button,down,downwards,red,downwards button	তীর,নিচে,নীচের বোতাম,বোতাম,লাল
⏬	symbols	arrow,button,double,down,fast,fast down button	তীর,দ্বিগুণ,দ্রুত নিচের দিকে যাওয়ার বোতাম,দ্রুত নীচের বোতাম,নিচে
⏸️	symbols	bar,button,double,pause,vertical,pause button	উল্লম্ব,দ্বিগুণ,পজ করার বোতাম,বার,বিরতি,বিরতি বোতাম
⏹️	symbols	button,square,stop,stop button	বন্ধ,বন্ধ বোতাম,বর্গাকার,বর্গাকার বন্ধ করার বোতাম
⏺️	symbols	button,circle,record,record button	বৃত্ত,রেকর্ড,রেকর্ড করার বোতাম,রেকর্ড বোতাম
⏏️	symbols	button,eject,eject button	ইজেক্ট বোতাম,মোছা
🎦	symbols	camera,cinema,film,movie	ক্যামেরা,চলচ্চিত্র,ফিল্ম,মুভি,সিনেমা
🔅	symbols	brightness,button,dim,low,dim button,brightness low	অনুজ্জ্বল বোতাম,অস্পষ্ট,উজ্জ্বলতা,কম,কম আলো,কম উজ্জ্বলতা,আলো
🔆	symbols	bright,brightness,button,light,bright button,brightness high	উজ্জ্বল,উজ্জ্বল বোতাম,উজ্জ্বলতা,বেশি উজ্জ্বলতা,আলো
📶	symbols	antenna,bar,bars,cell,communication,mobile,phone,signal,telephone,antenna bars	অ্যান্টেনা,অ্যান্টেনা দণ্ড,টেলিফোন,ফোন,বার,মোবাইল,সিগন্যাল,সেল
🛜	symbols	broadband,computer,connectivity,hotspot,internet,network,router,smartphone,wi-fi,wifi,wireless,wlan	ইন্টারনেট,ওয়াইফাই,ওয়্যারলেস,কম্পিউটার,নেটওয়ার্ক,ব্রডব্যান্ড
📳	symbols	cell,communication,mobile,mode,phone,telephone,vibration,vibration mode,silent mode	কম্পন,টেলিফোন,ফোন,ভাইব্রেশন মোড,মোড,মোবাইল,সেল,ভাইব্রেশন
📴	symbols	cell,mobile,off,phone,telephone,mobile phone off,phone off,mobile off,silent	টেলিফোন,ফোন,বন্ধ,মোবাইল,সেল,মোবাইল ফোন বন্ধ,ফোন বন্ধ,নীরব
♀️	symbols	female,sign,woman,female sign	মহিলা,স্ত্রি,স্ত্রী চিহ্ন
♂️	symbols	male,man,sign,male sign	ছেলে,পুরুষ,পুরুষ চিহ্ন
⚧️	symbols	symbol,transgender,transgender symbol	রূপান্তরিত লিঙ্গ,রূপান্তরিত লিঙ্গ চিহ্ন
✖️	symbols	×,cancel,multiplication,multiply,sign,x,times,math	×,এক্স,গুণ,চিহ্ন,বাতিল,গণিত
➕	symbols	+,plus,add,math,positive	+,গণিত,চিহ্ন,যোগ,প্লাস
➖	symbols	-,−,heavy,math,minus,sign,subtract,negative	-,−,গণিত,চিহ্ন,বিয়োগ,বিয়োগ,মাইনাস
➗	symbols	÷,divide,division,heavy,math,sign	÷,গণিত,চিহ্ন,বিভাজন,ভাগ
🟰	symbols	answer,equal,equality,equals,heavy,math,sign,heavy equals sign	অঙ্ক,উত্তর,মোটা সমান চিহ্ন,সমতা,সমান চিহ্ন,সমান,গণিত
♾️	symbols	forever,infinity,unbounded,universal,unlimited,endless	অনন্ত,অসীম,চিরতরে,বিশ্বজনীন,সীমাহীন
‼️	symbols	!,!!,bangbang,double,exclamation,mark,punctuation,double exclamation mark	চিহ্ন,দুটি বিস্ময়বোধক চিহ্ন,বিস্ময়বোধক,ব্যাং ব্যাং,যতিচিহ্ন
⁉️	symbols	!,!?,?,exclamation,interrobang,mark,punctuation,question,exclamation question mark	!,!?,?,চিহ্ন,প্রশ্ন,বিস্ময়বোধক,বিস্ময়বোধক এবং প্রশ্নবোধক,বিস্ময়বোধক প্রশ্নবোধক চিহ্ন,যতিচিহ্ন
❓	symbols	?,mark,punctuation,question,red,red question mark,question mark,ask,what,help	?,চিহ্ন,প্রশ্ন,প্রশ্নবোধক চিহ্ন,যতিচিহ্ন চিহ্ন,জিজ্ঞাসা,কী
❔	symbols	?,mark,outlined,punctuation,question,white,white question mark	?,চিহ্ন,প্রশ্ন,যতিচিহ্ন,রূপরেখা,সাদা প্রশ্নবোধক চিহ্ন
❕	symbols	!,bang,exclamation,mark,outlined,punctuation,white,white exclamation mark	!,চিহ্ন,বিস্ময়বোধক,যতিচিহ্ন,রূপরেখা,সাদা বিস্ময়বোধক,সাদা বিস্ময়বোধক চিহ্ন
❗	symbols	!,bang,exclamation,mark,punctuation,red,red exclamation mark,warning,alert,important	!,চিহ্ন,বিস্ময়বোধক,যতিচিহ্ন,লাল,বিস্ময়বোধক চিহ্ন,বিস্ময়,সতর্কতা,গুরুত্বপূর্ণ
〰️	symbols	dash,punctuation,wavy,wavy dash	ড্যাশ,ঢেউ,ঢেউ খেলানো ড্যাশ,তরঙ্গ,তরঙ্গায়িত,যতিচিহ্ন,তরঙ্গায়িত ড্যাশ
💱	symbols	bank,currency,exchange,money,currency exchange,convert	টাকা,ডলার,বিনিময়,ব্যাংক,মুদ্রা,মুদ্রা বিনিময়,মুদ্রা বিনিময়
💲	symbols	billion,cash,charge,currency,dollar,heavy,million,money,pay,sign,heavy dollar sign,dollar sign,price	কারেন্সি,খুব বড় ডলারের চিহ্ন,চিহ্ন,টাকা,ডলার,পয়সা,মুদ্রা,ডলার চিহ্ন,দাম
⚕️	symbols	aesculapius,medical,medicine,staff,symbol,medical symbol	অ্যাসক্লিপিয়স,ওষুধ,ঔযদ,ঔষধ,চিকিৎসা,চিকিৎসার চিহ্ন,স্টাফ
♻️	symbols	recycle,recycling,symbol,recycling symbol,green,environment,reuse	চিহ্ন,পুনর্ব্যবহার,রিসাইকেল,রিসাইকেলিং চিহ্ন,পরিবেশ,সবুজ
⚜️	symbols	fleur-de-lis,knights	পুষ্পবিশেষ,ফ্লার-ডি-লিস,একধরনের ফুল,যোদ্ধা
🔱	symbols	anchor,emblem,poseidon,ship,tool,trident,trident emblem	জাহাজ,ত্রিশূল,নোঙ্গর,প্রতীক,সরঞ্জাম,ত্রিশূল প্রতীক
📛	symbols	badge,name,name badge	নাম,নামের ব্যাজ,ব্যাজ
🔰	symbols	beginner,chevron,green,japanese,leaf,symbol,tool,yellow,japanese symbol for beginner,for	জাপানি,পাতা,শিক্ষানবিস,শিক্ষানবিসদের জন্য জাপানি প্রতীক,শিক্ষানবিসদের জন্য জাপানী প্রতীক,শেভ্রন,সবুজ,সরঞ্জাম,হলুদ
⭕	symbols	circle,heavy,hollow,large,o,red,hollow red circle	ইংরাজী ‘ও’ চিহ্ন,ও,ফাঁপা লাল বৃত্ত,বড়,বৃত্ত,লাল
✅	symbols	✓,button,check,checked,checkmark,complete,completed,done,fixed,mark,tick,check mark button,check mark,yes,correct	✓,চিহ্ন,টিক,বোতাম,সাদা চেক মার্ক বোতাম,সঠিক,সম্পন্ন,হ্যাঁ
☑️	symbols	✓,ballot,box,check,checked,done,off,tick,check box with check,with	✓,চেক,চেকের সাথে চেক বক্স,চেকের সাথে ব্যালট বক্স,টিক,টিক চিহ্ন,বক্স,বাক্স,ব্যালট,হয়ে গেছে
✔️	symbols	✓,check,checked,checkmark,done,heavy,mark,tick,check mark,yes,correct	✓,চিহ্ন,চেক মার্ক,টিক,সঠিক,হ্যাঁ
❌	symbols	×,cancel,cross,mark,multiplication,multiply,x,cross mark,no,wrong,incorrect	×,x,এক্স,ক্রস মার্ক,গুণ,গুন করা,চিহ্ন,বাতিল,ক্রস,ভুল,না
❎	symbols	×,button,cross,mark,multiplication,multiply,square,x,cross mark button	×,x,ক্রস মার্কের বোতাম,চিহ্ন,বর্গাকার
➰	symbols	curl,curly,loop,curly loop	কার্লি লুপ,কুন্ডলী পাকানো,লুপ
➿	symbols	curl,curly,double,loop,double curly loop	কুন্ডলী পাকানো,দুটি কার্লি লুপ,দ্বিগুণ,লুপ
〽️	symbols	alternation,mark,part,part alternation mark	অংশ,অংশ পরিবর্তনের চিহ্ন,চিহ্ন
✳️	symbols	*,asterisk,eight-spoked,eight-spoked asterisk	*,আটটি -স্পোকের তারকাচিহ্ন,আটটি-স্পোক দিয়ে তৈরি তারা,তারকাচিহ্ন
✴️	symbols	*,eight-pointed,star,eight-pointed star	*,আটটি পয়েন্টের তারা,তারা
❇️	symbols	*,sparkle	*,উজ্জ্বল,জ্বলজ্বল করা,দ্যুতি
©️	symbols	c,copyright	c,কপিরাইট
®️	symbols	r,registered	r,নথিভুক্ত,নিবন্ধিত,রেজিস্টার,রেজিস্টার করা হয়েছে
™️	symbols	mark,tm,trade,trademark,trade mark	tm,চিহ্ন,ট্রেড মার্ক,ট্রেডমার্ক
🫟	symbols	drip,holi,ink,liquid,mess,paint,spill,splatter,stain	চলকে পড়া,ছপাত,ছলাৎ,দাগ,রং,হোলি
#️⃣	symbols	keycap,#	কিক্যাপ,#
*️⃣	symbols	keycap,*	কিক্যাপ,*
0️⃣	symbols	0,keycap,zero	0,কিক্যাপ,শূন্য
1️⃣	symbols	1,keycap,one	1,এক,কিক্যাপ
2️⃣	symbols	2,keycap,two	2,কিক্যাপ,দুই
3️⃣	symbols	3,keycap,three	3,কিক্যাপ,তিন
4️⃣	symbols	4,four,keycap	4,কিক্যাপ,চার
5️⃣	symbols	5,five,keycap	5,কিক্যাপ,পাঁচ
6️⃣	symbols	6,keycap,six	6,কিক্যাপ,ছয়
7️⃣	symbols	7,keycap,seven	7,কিক্যাপ,সাত
8️⃣	symbols	8,eight,keycap	8,আট,কিক্যাপ
9️⃣	symbols	9,keycap,nine	9,কিক্যাপ,নয়
🔟	symbols	keycap,10	কিক্যাপ,10
🔠	symbols	abcd,input,latin,letters,uppercase,input latin uppercase	অক্ষর,ইনপুট,ইনপুট লাতিন বড় হাতের অক্ষর,কখগঘ,বড় হাতের অক্ষর,লাতিন
🔡	symbols	abcd,input,latin,letters,lowercase,input latin lowercase	অক্ষর,ইনপুট,ইনপুট লাতিন ছোট হাতের অক্ষর,এ বি সি ডি,ছোট হাতের অক্ষর,লাতিন
🔢	symbols	1234,input,numbers,input numbers	1234,ইনপুট,নম্বর,নাম্বার,সংখ্যা,ইনপুট নম্বর
🔣	symbols	&,%,♪,〒,input,symbols,input symbols	&,%,♪,〒,ইনপুট,চিহ্ন,ইনপুট চিহ্ন
🔤	symbols	abc,alphabet,input,latin,letters,input latin letters	অক্ষর,ইনপুট,এবিসি,কখগ,বর্ণমালা,লাতিন,ইনপুট লাতিন অক্ষর
🅰️	symbols	blood,button,type,a button,blood type,a,(blood,type)	এ,এ বোতাম,রক্ত,রক্তের গ্রুপ,রক্তের বিভাগ
🆎	symbols	ab,blood,button,type,ab button,blood type,(blood,type)	এ বি বোতাম,এবি,রক্ত
🅱️	symbols	b,blood,button,type,b button,blood type,(blood,type)	বি,বি বোতাম,রক্ত
🆑	symbols	button,cl,cl button	বর্গক্ষেত্রের সি এল,বোতাম,সিএল
🆒	symbols	button,cool,cool button	কুল,কুল বোতাম,বর্গক্ষেত্রের মধ্যে কুল
🆓	symbols	button,free,free button,no cost	বর্গক্ষেত্রের মধ্যে ফ্রী,বিনামূল্যে,ফ্রি
ℹ️	symbols	i,information	i চিহ্ন,চিহ্ন,তথ্য,তথ্য সূত্র
🆔	symbols	button,id,identity,id button	আইডি,পরিচয়,বর্গাকার আইডি
Ⓜ️	symbols	circle,circled,m,circled m	এম,বৃত্ত,বৃত্তে থাকা এম অক্ষর
🆕	symbols	button,new,new button,fresh,latest	নতুন,বর্গক্ষেত্রের মধ্যে নিউ,সাম্প্রতিক
🆖	symbols	button,ng,ng button	এনজি চিহ্ন,এনজি বোতাম,বর্গক্ষেত্রের মধ্যে এন জি
🅾️	symbols	blood,button,o,type,o button,blood type,(blood,type)	ইংরাজী ‘ও’ চিহ্ন,ও বোতাম,রক্ত
🆗	symbols	button,ok,okay,ok button,approve	ঠিক আছে,বর্গক্ষেত্রের মধ্যে ওকে,ওকে
🅿️	symbols	button,p,parking,p button	পার্কিং,পি বোতাম
🆘	symbols	button,help,sos,sos button	এসওএস,বর্গক্ষেত্রের মধ্যে এস ও এস,সাহায্য
🆙	symbols	button,mark,up,up!,up! button	আপ! বোতাম,উপরে,উপরে‘ শীর্ষক চিহ্ন,বোতাম
🆚	symbols	button,versus,vs,vs button	বনাম,বর্গাকার মধ্যে ভি এস,ভার্সেস,বোতাম
🈁	symbols	button,here,japanese,katakana,“here”	জাপানি,জাপানি ভাষায় ‘এখানে‘ বোতাম,বর্গাকার কাতাকানা কোকো
🈂️	symbols	button,charge,japanese,katakana,service,service charge,“service,charge”	জাপানি,জাপানি ভাষায় ‘সার্ভিং চার্জ’,বর্গাকার কাতাকানাসা
🈷️	symbols	amount,button,ideograph,japanese,monthly,monthly amount,“monthly,amount”	জাপানি,বর্গাকার মুন চিত্রলিপি
🈶	symbols	button,charge,free,ideograph,japanese,not,not free of charge,“not,of,charge”	জাপানি,জাপানি ভাষায় ‘বিনামূল্যে নয়‘,বর্গাকার বিদ্যমান চিত্রলিপি
🈯	symbols	button,ideograph,japanese,reserved,“reserved”	জাপানি,জাপানি ভাষায় ‘রিজার্ভ’ বোতাম,বর্গাকার আঙুলের চিত্রলিপি
🉐	symbols	bargain,button,ideograph,japanese,“bargain”	গোলাকার সুবিধাজনক চিত্রলিপি,জাপানি,জাপানি ভাষায় ‘দরকষাকষি‘
🈹	symbols	button,discount,ideograph,japanese,“discount”	জাপানি,বর্গাকার বিভক্ত চিত্রলিপি
🈚	symbols	button,charge,free,ideograph,japanese,free of charge,“free,of,charge”	জাপানি,জাপানি ভাষায় ‘টাকা লাগবে না‘ বোতাম,বর্গাকার অপলাপের চিত্রলিপি
🈲	symbols	button,ideograph,japanese,prohibited,“prohibited”	জাপানি,জাপানি ভাষায় ‘নিষিদ্ধ’,বর্গাকার নিষিদ্ধ চিত্রলিপি
🉑	symbols	acceptable,button,ideograph,japanese,“acceptable”	চীনা,জাপানি,বৃত্তের মধ্যে স্বীকৃত চিত্রলিপি
🈸	symbols	application,button,ideograph,japanese,“application”	চিহ্ন,চীনা,জাপানি,জাপানি ভাষায় ‘অ্যাপ্লিকেশন’ বোতাম,বর্গাকার প্রযোজ্য চিত্রলিপি
🈴	symbols	button,grade,ideograph,japanese,passing,passing grade,“passing,grade”	চীনা,জাপানি,বর্গাকার একত্রে চিত্রলিপি
🈳	symbols	button,ideograph,japanese,vacancy,“vacancy”	খালি,চিত্রলিপি,চিহ্ন,চীনা,জাপানি ভাষায় ‘খালি আছে‘ বোতাম,জাপানিজ,বর্গাকার খালি চিত্রলিপি
㊗️	symbols	button,congratulations,ideograph,japanese,“congratulations”	অভিনন্দন,গোলাকার অভিনন্দনের চিত্রলিপি,চীনা,জাপানি,জাপানি ভাষায় ‘অভিনন্দন’ জানানোর বোতাম,নিশান,সংবর্ধনা
㊙️	symbols	button,ideograph,japanese,secret,“secret”	গোপন,গোলাকার গোপন চিত্রলিপি,চীনা,জাপানি,জাপানি ভাষায় ‘গোপনীয়‘ বোতাম,নিশান
🈺	symbols	business,button,ideograph,japanese,open,open for business,“open,for,business”	চীনা,জাপানি,বর্গাকার অপারেটিং চিত্রলিপি
🈵	symbols	button,ideograph,japanese,no,vacancy,no vacancy,“no,vacancy”	চীনা,জাপানি,জাপানি ভাষায় ‘চাকরি নেই’ বোতাম,বর্গাকার পূর্ণতার চিত্রলিপি,বেকার
🔴	symbols	circle,geometric,red,red circle	জ্যামিতিক,বৃত্ত,লাল,লাল বৃত্ত
🟠	symbols	circle,orange,orange circle	কমলা,চিহ্ন,বৃত্ত,কমলা বৃত্ত
🟡	symbols	circle,yellow,yellow circle	চিহ্ন,বৃত্ত,হদুল বৃত্ত,হলুদ
🟢	symbols	circle,green,green circle	চিহ্ন,বৃত্ত,সবুজ,সবুজ বৃত্ত
🔵	symbols	blue,circle,geometric,blue circle	জ্যামিতিক,নীল,বৃত্ত,নীল বৃত্ত
🟣	symbols	circle,purple,purple circle	চিহ্ন,বৃত্ত,বেগুনী,বেগুনী বৃত্ত
🟤	symbols	brown,circle,brown circle	খয়েরি,চিহ্ন,বাদামি,বৃত্ত,বাদামি বৃত্ত
⚫	symbols	black,circle,geometric,black circle	কালো বৃত্ত,জ্যামিতিক,বৃত্ত
⚪	symbols	circle,geometric,white,white circle	জ্যামিতিক,বৃত্ত,সাদা বৃত্ত
🟥	symbols	card,penalty,red,square,red square	চিহ্ন,বর্গক্ষেত্র,লাল,লাল বর্গক্ষেত্র
🟧	symbols	orange,square,orange square	কমলা,চিহ্ন,বর্গক্ষেত্র,কমলা বর্গক্ষেত্র
🟨	symbols	card,penalty,square,yellow,yellow square	চিহ্ন,বর্গক্ষেত্র,হলুদ,হলুদ বর্গক্ষেত্র
🟩	symbols	green,square,green square	চিহ্ন,বর্গক্ষেত্র,সবুজ,সবুজ বর্গক্ষেত্র
🟦	symbols	blue,square,blue square	চিহ্ন,নীল,বর্গক্ষেত্র,নীল বর্গক্ষেত্র
🟪	symbols	purple,square,purple square	চিহ্ন,বর্গক্ষেত্র,বেগুনী,বেগুনী বর্গক্ষেত্র
🟫	symbols	brown,square,brown square	খয়েরি,চিহ্ন,বর্গক্ষেত্র,বাদামি,খয়েরি বর্গক্ষেত্র
⬛	symbols	black,geometric,large,square,black large square	কালো বড় বর্গক্ষেত্র,জ্যামিতিক,বর্গাকার
⬜	symbols	geometric,large,square,white,white large square	জ্যামিতিক,বর্গাকার,সাদা বড় বর্গক্ষেত্র
◼️	symbols	black,geometric,medium,square,black medium square	কালো মাঝারি বর্গক্ষেত্র,কালো মাঝারি সাইজের বর্গক্ষেত্র,চিহ্ন,জ্যামিতিক,বর্গাকার,বর্গাকৃতি
◻️	symbols	geometric,medium,square,white,white medium square	জ্যামিতিক,বর্গাকার,সাদা মাঝারি বর্গক্ষেত্র,সাদা মাঝারি সাইজের বর্গক্ষেত্র
◾	symbols	black,geometric,medium-small,square,black medium-small square	কালো মাঝারি ছোট বর্গক্ষেত্র,কালো মাঝারি ছোট সাইজের বর্গক্ষেত্র,জ্যামিতিক,বর্গাকার
◽	symbols	geometric,medium-small,square,white,white medium-small square	জ্যামিতিক,বর্গাকার,সাদা মাঝারি ছোট বর্গক্ষেত্র,সাদা মাঝারি ছোট সাইজের বর্গক্ষেত্র
▪️	symbols	black,geometric,small,square,black small square	কালো ছোট বর্গক্ষেত্র,জ্যামিতিক,বর্গাকার
▫️	symbols	geometric,small,square,white,white small square	জ্যামিতিক,বর্গাকার,সাদা ছোট বর্গক্ষেত্র
🔶	symbols	diamond,geometric,large,orange,large orange diamond	কমলা,কমলা রঙের বড় হীরে,জ্যামিতিক,ডায়মন্ড
🔷	symbols	blue,diamond,geometric,large,large blue diamond	জ্যামিতিক,ডায়মন্ড,নীল,নীল রঙের বড় হীরে,হীরা
🔸	symbols	diamond,geometric,orange,small,small orange diamond	কমলা,কমলা রঙের ছোট হীরে,জ্যামিতিক,ডায়মন্ড
🔹	symbols	blue,diamond,geometric,small,small blue diamond	জ্যামিতিক,ডায়মন্ড,নীল,নীল রঙের ছোট হীরে
🔺	symbols	geometric,pointed,red,triangle,up,red triangle pointed up	জ্যামিতিক,ত্রিভুজ,লাল,লাল ত্রিভুজ উপরের দিকে পয়েন্ট করা
🔻	symbols	down,geometric,pointed,red,triangle,red triangle pointed down	জ্যামিতিক,নিম্নমুখী,লাল,লাল ত্রিভুজ নীচের দিকে পয়েন্ট করা
💠	symbols	comic,diamond,dot,geometric,diamond with a dot,with,a	একটি ডটের সাথে হীরে,কমিক,জ্যামিতিক,ডায়মন্ড,ভিতরে,হীরা
🔘	symbols	button,geometric,radio,radio button	জ্যামিতিক,বোতাম,রেডিও,রেডিওর বোতাম,রেডিও বোতাম
🔳	symbols	button,geometric,outlined,square,white,white square button	জ্যামিতিক,বর্গাকার,বোতাম,রূপরেখা,সাদা বর্গাকার বোতাম
🔲	symbols	black,button,geometric,square,black square button	কালো বর্গাকার বোতাম,জ্যামিতিক,বর্গাকার,বোতাম
🏁	flags	checkered,chequered,finish,flag,flags,game,race,racing,sport,win,chequered flag,checkered flag	ছক কাটা পতাকা,ছককাটা,পতাকা,ফ্ল্যাগ,রেসিং,চেকার পতাকা,দৌড়,শেষ
🚩	flags	construction,flag,golf,post,triangular,triangular flag,red flag,warning,alert	ত্রিভুজ পতাকা,ত্রিভুজাকৃতি পতাকা,নির্মাণ,পোস্ট,মেরামত,লাল পতাকা,সতর্কতা
🎌	flags	celebration,cross,crossed,flags,japanese,crossed flags,japan	আড়াআড়ি অবস্থায় থাকা,আড়াআড়ি অবস্থায় থাকা পতাকা,উদযাপন,ক্রস,জাপানি,পতাকা,ফ্ল্যাগ,জাপান
🏴	flags	black,flag,waving,black flag,pirate	কালো পতাকা,কালো পতাকা ওড়ানো,কালো পতাকা দেখানো,তরঙ্গায়িত,পতাকা,ফ্ল্যাগ
🏳️	flags	flag,waving,white,white flag,surrender,give up	তরঙ্গায়িত,পতাকা,ফ্ল্যাগ,সাদা,সাদা পতাকা ওড়ানো,সাদা পতাকা,আত্মসমর্পণ
🏳️‍🌈	flags	bisexual,flag,gay,genderqueer,glbt,glbtq,lesbian,lgbt,lgbtq,lgbtqia,pride,queer,rainbow,trans,transgender,rainbow flag	উভকামী,গর্ব,ট্রান্সজেন্ডার,পতাকা,পাতাক,রংধনু,রামধনু,সমকামী,রামধনু পতাকা,রংধনু পতাকা,প্রাইড
🏳️‍⚧️	flags	blue,flag,light,pink,transgender,white,transgender flag	গোলাপী,ট্রান্সজেন্ডার,ট্রান্সজেন্ডার ফ্ল্যাগ,পতাকা,সাদা,হালকা নীল
🏴‍☠️	flags	flag,jolly,pirate,plunder,roger,treasure,pirate flag	জলদস্যু,জলদস্যু পতাকা,জলি রজার,ধন,লুণ্ঠন
🇦🇨	flags	flag,ascension island,ascension,island	পতাকা,অ্যাসেনশন দ্বীপপুঞ্জ
🇦🇩	flags	flag,andorra	পতাকা,আন্ডোরা
🇦🇪	flags	flag,united arab emirates,united,arab,emirates,uae,dubai	পতাকা,সংযুক্ত আরব আমিরাত,আমিরাত,দুবাই
🇦🇫	flags	flag,afghanistan	পতাকা,আফগানিস্তান
🇦🇬	flags	flag,antigua & barbuda,antigua,&,barbuda	পতাকা,অ্যান্টিগুয়া ও বারবুডা
🇦🇮	flags	flag,anguilla	পতাকা,অ্যাঙ্গুইলা
🇦🇱	flags	flag,albania	পতাকা,আলবেনিয়া
🇦🇲	flags	flag,armenia	পতাকা,আর্মেনিয়া
🇦🇴	flags	flag,angola	পতাকা,অ্যাঙ্গোলা
🇦🇶	flags	flag,antarctica	পতাকা,অ্যান্টার্কটিকা
🇦🇷	flags	flag,argentina	পতাকা,আর্জেন্টিনা
🇦🇸	flags	flag,american samoa,american,samoa	পতাকা,আমেরিকান সামোয়া
🇦🇹	flags	flag,austria	পতাকা,অস্ট্রিয়া
🇦🇺	flags	flag,australia	পতাকা,অস্ট্রেলিয়া,অস্ট্রেলিয়া
🇦🇼	flags	flag,aruba	পতাকা,আরুবা
🇦🇽	flags	flag,åland islands,åland,islands	পতাকা,অলান্ড দ্বীপপুঞ্জ
🇦🇿	flags	flag,azerbaijan	পতাকা,আজারবাইজান
🇧🇦	flags	flag,bosnia & herzegovina,bosnia,&,herzegovina	পতাকা,বসনিয়া ও হার্জেগোভিনা
🇧🇧	flags	flag,barbados	পতাকা,বার্বাডোজ
🇧🇩	flags	flag,bangladesh,bengali,bd	পতাকা,বাংলাদেশ,বাংলা
🇧🇪	flags	flag,belgium	পতাকা,বেলজিয়াম
🇧🇫	flags	flag,burkina faso,burkina,faso	পতাকা,বুরকিনা ফাসো
🇧🇬	flags	flag,bulgaria	পতাকা,বুলগেরিয়া
🇧🇭	flags	flag,bahrain	পতাকা,বাহারিন
🇧🇮	flags	flag,burundi	পতাকা,বুরুন্ডি
🇧🇯	flags	flag,benin	পতাকা,বেনিন
🇧🇱	flags	flag,st. barthélemy,st.,barthélemy	পতাকা,সেন্ট বার্থেলেমি
🇧🇲	flags	flag,bermuda	পতাকা,বারমুডা
🇧🇳	flags	flag,brunei	পতাকা,ব্রুনেই
🇧🇴	flags	flag,bolivia	পতাকা,বলিভিয়া
🇧🇶	flags	flag,caribbean netherlands,caribbean,netherlands	পতাকা,ক্যারিবিয়ান নেদারল্যান্ডস
🇧🇷	flags	flag,brazil	পতাকা,ব্রাজিল
🇧🇸	flags	flag,bahamas	পতাকা,বাহামা দ্বীপপুঞ্জ
🇧🇹	flags	flag,bhutan	পতাকা,ভুটান
🇧🇻	flags	flag,bouvet island,bouvet,island	পতাকা,বোভেট দ্বীপ
🇧🇼	flags	flag,botswana	পতাকা,বতসোয়ানা
🇧🇾	flags	flag,belarus	পতাকা,বেলারুশ
🇧🇿	flags	flag,belize	পতাকা,বেলিজ
🇨🇦	flags	flag,canada	পতাকা,কানাডা
🇨🇨	flags	flag,cocos,keeling,islands,(keeling)	পতাকা,কোকোস,কিলিং,দ্বীপপুঞ্জ
🇨🇩	flags	flag,congo - kinshasa,congo,-,kinshasa	পতাকা,কঙ্গো-কিনশাসা
🇨🇫	flags	flag,central african republic,central,african,republic	পতাকা,মধ্য আফ্রিকান প্রজাতন্ত্র
🇨🇬	flags	flag,congo - brazzaville,congo,-,brazzaville	পতাকা,কঙ্গো - ব্রাজাভিল
🇨🇭	flags	flag,switzerland	পতাকা,সুইজারল্যান্ড
🇨🇮	flags	flag,côte d’ivoire,côte,d’ivoire	পতাকা,কোট ডি‘আইভোর
🇨🇰	flags	flag,cook islands,cook,islands	পতাকা,কুক দ্বীপপুঞ্জ
🇨🇱	flags	flag,chile	পতাকা,চিলি
🇨🇲	flags	flag,cameroon	পতাকা,ক্যামেরুন
🇨🇳	flags	flag,china,chinese	পতাকা,চীন
🇨🇴	flags	flag,colombia	পতাকা,কলম্বিয়া
🇨🇵	flags	flag,clipperton island,clipperton,island	পতাকা,ক্লিপারটন দ্বীপপুঞ্জ
🇨🇶	flags	flag,sark	পতাকা,সার্ক দ্বীপ
🇨🇷	flags	flag,costa rica,costa,rica	পতাকা,কোস্টারিকা
🇨🇺	flags	flag,cuba	পতাকা,কিউবা
🇨🇻	flags	flag,cape verde,cape,verde	পতাকা,কেপ ভার্দে
🇨🇼	flags	flag,curaçao	পতাকা,কুরাসাও
🇨🇽	flags	flag,christmas island,christmas,island	পতাকা,ক্রিসমাস দ্বীপ
🇨🇾	flags	flag,cyprus	পতাকা,সাইপ্রাস
🇨🇿	flags	flag,czechia	পতাকা,চেকিয়া
🇩🇪	flags	flag,germany,german	পতাকা,জার্মানি
🇩🇬	flags	flag,diego garcia,diego,garcia	পতাকা,দিয়েগো গার্সিয়া
🇩🇯	flags	flag,djibouti	পতাকা,জিবুতি
🇩🇰	flags	flag,denmark	পতাকা,ডেনমার্ক
🇩🇲	flags	flag,dominica	পতাকা,ডোমিনিকা
🇩🇴	flags	flag,dominican republic,dominican,republic	পতাকা,ডোমেনিকান প্রজাতন্ত্র
🇩🇿	flags	flag,algeria	পতাকা,আলজেরিয়া
🇪🇦	flags	flag,ceuta & melilla,ceuta,&,melilla	পতাকা,কুউটা এবং মেলিলা
🇪🇨	flags	flag,ecuador	পতাকা,ইকুয়েডর
🇪🇪	flags	flag,estonia	পতাকা,এস্তোনিয়া
🇪🇬	flags	flag,egypt	পতাকা,মিশর
🇪🇭	flags	flag,western sahara,western,sahara	পতাকা,পশ্চিম সাহারা
🇪🇷	flags	flag,eritrea	পতাকা,ইরিত্রিয়া
🇪🇸	flags	flag,spain,spanish	পতাকা,স্পেন
🇪🇹	flags	flag,ethiopia	পতাকা,ইথিওপিয়া
🇪🇺	flags	flag,european union,european,union	পতাকা,ইউরোপীয় ইউনিয়ন
🇫🇮	flags	flag,finland	পতাকা,ফিনল্যান্ড
🇫🇯	flags	flag,fiji	পতাকা,ফিজি
🇫🇰	flags	flag,falkland islands,falkland,islands	পতাকা,ফকল্যান্ড দ্বীপপুঞ্জ
🇫🇲	flags	flag,micronesia	পতাকা,মাইক্রোনেশিয়া
🇫🇴	flags	flag,faroe islands,faroe,islands	পতাকা,ফ্যারো দ্বীপপুঞ্জ
🇫🇷	flags	flag,france,french	পতাকা,ফ্রান্স
🇬🇦	flags	flag,gabon	পতাকা,গ্যাবন
🇬🇧	flags	flag,united kingdom,united,kingdom,uk,britain,england	পতাকা,যুক্তরাজ্য,ব্রিটেন
🇬🇩	flags	flag,grenada	পতাকা,গ্রেনাডা
🇬🇪	flags	flag,georgia	পতাকা,জর্জিয়া
🇬🇫	flags	flag,french guiana,french,guiana	পতাকা,ফরাসী গায়ানা
🇬🇬	flags	flag,guernsey	পতাকা,গার্নসি
🇬🇭	flags	flag,ghana	পতাকা,ঘানা
🇬🇮	flags	flag,gibraltar	পতাকা,জিব্রাল্টার
🇬🇱	flags	flag,greenland	পতাকা,গ্রীনল্যান্ড
🇬🇲	flags	flag,gambia	পতাকা,গাম্বিয়া
🇬🇳	flags	flag,guinea	পতাকা,গিনি
🇬🇵	flags	flag,guadeloupe	পতাকা,গুয়াদেলৌপ
🇬🇶	flags	flag,equatorial guinea,equatorial,guinea	পতাকা,নিরক্ষীয় গিনি
🇬🇷	flags	flag,greece	পতাকা,গ্রীস
🇬🇸	flags	flag,south georgia & south sandwich islands,south,georgia,&,sandwich,islands	পতাকা,দক্ষিণ জর্জিয়া ও দক্ষিণ স্যান্ডউইচ দ্বীপপুঞ্জ
🇬🇹	flags	flag,guatemala	পতাকা,গুয়াতেমালা
🇬🇺	flags	flag,guam	পতাকা,গুয়াম
🇬🇼	flags	flag,guinea-bissau	পতাকা,গিনি-বিসাউ
🇬🇾	flags	flag,guyana	পতাকা,গিয়ানা
🇭🇰	flags	flag,hong kong sar china,hong,kong,sar,china	পতাকা,হংকং এসএআর চীনা
🇭🇲	flags	flag,heard island & mcdonald islands,heard,&,mcdonald,islands	পতাকা,হার্ড এবং ম্যাকডোনাল্ড দ্বীপপুঞ্জ
🇭🇳	flags	flag,honduras	পতাকা,হন্ডুরাস
🇭🇷	flags	flag,croatia	পতাকা,ক্রোয়েশিয়া
🇭🇹	flags	flag,haiti	পতাকা,হাইতি
🇭🇺	flags	flag,hungary	পতাকা,হাঙ্গেরি
🇮🇨	flags	flag,canary islands,canary,islands	পতাকা,ক্যানারি দ্বীপপুঞ্জ
🇮🇩	flags	flag,indonesia	পতাকা,ইন্দোনেশিয়া
🇮🇪	flags	flag,ireland	পতাকা,আয়ারল্যান্ড
🇮🇱	flags	flag,israel	পতাকা,ইজরায়েল
🇮🇲	flags	flag,isle of man,isle,of,man	পতাকা,আইল অফ ম্যান
🇮🇳	flags	flag,india,indian	পতাকা,ভারত
🇮🇴	flags	flag,british indian ocean territory,british,indian,ocean,territory	পতাকা,ব্রিটিশ ভারত মহাসাগরীয় অঞ্চল
🇮🇶	flags	flag,iraq	পতাকা,ইরাক
🇮🇷	flags	flag,iran	পতাকা,ইরান
🇮🇸	flags	flag,iceland	পতাকা,আইসল্যান্ড
🇮🇹	flags	flag,italy,italian	পতাকা,ইতালি
🇯🇪	flags	flag,jersey	পতাকা,জার্সি
🇯🇲	flags	flag,jamaica	পতাকা,জামাইকা
🇯🇴	flags	flag,jordan	পতাকা,জর্ডন
🇯🇵	flags	flag,japan,japanese	পতাকা,জাপান
🇰🇪	flags	flag,kenya	পতাকা,কেনিয়া
🇰🇬	flags	flag,kyrgyzstan	পতাকা,কিরগিজিস্তান
🇰🇭	flags	flag,cambodia	পতাকা,কম্বোডিয়া
🇰🇮	flags	flag,kiribati	পতাকা,কিরিবাতি
🇰🇲	flags	flag,comoros	পতাকা,কমোরোস
🇰🇳	flags	flag,st. kitts & nevis,st.,kitts,&,nevis	পতাকা,সেন্ট কিটস ও নেভিস
🇰🇵	flags	flag,north korea,north,korea	পতাকা,উত্তর কোরিয়া
🇰🇷	flags	flag,south korea,south,korea	পতাকা,দক্ষিণ কোরিয়া,কোরিয়া
🇰🇼	flags	flag,kuwait	পতাকা,কুয়েত
🇰🇾	flags	flag,cayman islands,cayman,islands	পতাকা,কেম্যান দ্বীপপুঞ্জ
🇰🇿	flags	flag,kazakhstan	পতাকা,কাজাখস্তান
🇱🇦	flags	flag,laos	পতাকা,লাওস
🇱🇧	flags	flag,lebanon	পতাকা,লেবানন
🇱🇨	flags	flag,st. lucia,st.,lucia	পতাকা,সেন্ট লুসিয়া
🇱🇮	flags	flag,liechtenstein	পতাকা,লিচেনস্টেইন
🇱🇰	flags	flag,sri lanka,sri,lanka	পতাকা,শ্রীলঙ্কা
🇱🇷	flags	flag,liberia	পতাকা,লাইবেরিয়া
🇱🇸	flags	flag,lesotho	পতাকা,লেসোথো
🇱🇹	flags	flag,lithuania	পতাকা,লিথুয়ানিয়া
🇱🇺	flags	flag,luxembourg	পতাকা,লাক্সেমবার্গ
🇱🇻	flags	flag,latvia	পতাকা,লাটভিয়া
🇱🇾	flags	flag,libya	পতাকা,লিবিয়া
🇲🇦	flags	flag,morocco	পতাকা,মরক্কো
🇲🇨	flags	flag,monaco	পতাকা,মোনাকো
🇲🇩	flags	flag,moldova	পতাকা,মলডোভা
🇲🇪	flags	flag,montenegro	পতাকা,মন্টিনিগ্রো
🇲🇫	flags	flag,st. martin,st.,martin	পতাকা,সেন্ট মার্টিন
🇲🇬	flags	flag,madagascar	পতাকা,মাদাগাস্কার
🇲🇭	flags	flag,marshall islands,marshall,islands	পতাকা,মার্শাল দ্বীপপুঞ্জ
🇲🇰	flags	flag,north macedonia,north,macedonia	পতাকা,উত্তর ম্যাসেডোনিয়া
🇲🇱	flags	flag,mali	পতাকা,মালি
🇲🇲	flags	flag,myanmar,burma,(burma)	পতাকা,মায়ানমার,বার্মা
🇲🇳	flags	flag,mongolia	পতাকা,মঙ্গোলিয়া
🇲🇴	flags	flag,macao sar china,macao,sar,china	পতাকা,ম্যাকাও এসএআর চীন
🇲🇵	flags	flag,northern mariana islands,northern,mariana,islands	পতাকা,উত্তরাঞ্চলীয় মারিয়ানা দ্বীপপুঞ্জ
🇲🇶	flags	flag,martinique	পতাকা,মার্টিনিক
🇲🇷	flags	flag,mauritania	পতাকা,মরিতানিয়া
🇲🇸	flags	flag,montserrat	পতাকা,মন্টসেরাট
🇲🇹	flags	flag,malta	পতাকা,মাল্টা
🇲🇺	flags	flag,mauritius	পতাকা,মরিশাস
🇲🇻	flags	flag,maldives	পতাকা,মালদ্বীপ
🇲🇼	flags	flag,malawi	পতাকা,মালাউই
🇲🇽	flags	flag,mexico	পতাকা,মেক্সিকো
🇲🇾	flags	flag,malaysia	পতাকা,মালয়েশিয়া,মালয়েশিয়া
🇲🇿	flags	flag,mozambique	পতাকা,মোজাম্বিক
🇳🇦	flags	flag,namibia	পতাকা,নামিবিয়া
🇳🇨	flags	flag,new caledonia,new,caledonia	পতাকা,নিউ ক্যালেডোনিয়া
🇳🇪	flags	flag,niger	পতাকা,নাইজার
🇳🇫	flags	flag,norfolk island,norfolk,island	পতাকা,নরফোক দ্বীপ
🇳🇬	flags	flag,nigeria	পতাকা,নাইজেরিয়া
🇳🇮	flags	flag,nicaragua	পতাকা,নিকারাগুয়া
🇳🇱	flags	flag,netherlands	পতাকা,নেদারল্যান্ডস
🇳🇴	flags	flag,norway	পতাকা,নরওয়ে
🇳🇵	flags	flag,nepal	পতাকা,নেপাল
🇳🇷	flags	flag,nauru	পতাকা,নাউরু
🇳🇺	flags	flag,niue	পতাকা,নিউয়ে
🇳🇿	flags	flag,new zealand,new,zealand	পতাকা,নিউজিল্যান্ড
🇴🇲	flags	flag,oman	পতাকা,ওমান
🇵🇦	flags	flag,panama	পতাকা,পানামা
🇵🇪	flags	flag,peru	পতাকা,পেরু
🇵🇫	flags	flag,french polynesia,french,polynesia	পতাকা,ফরাসী পলিনেশিয়া
🇵🇬	flags	flag,papua new guinea,papua,new,guinea	পতাকা,পাপুয়া নিউ গিনি
🇵🇭	flags	flag,philippines	পতাকা,ফিলিপাইন
🇵🇰	flags	flag,pakistan	পতাকা,পাকিস্তান
🇵🇱	flags	flag,poland	পতাকা,পোল্যান্ড
🇵🇲	flags	flag,st. pierre & miquelon,st.,pierre,&,miquelon	পতাকা,সেন্ট পিয়ের ও মিকুয়েলন
🇵🇳	flags	flag,pitcairn islands,pitcairn,islands	পতাকা,পিটকেয়ার্ন দ্বীপপুঞ্জ
🇵🇷	flags	flag,puerto rico,puerto,rico	পতাকা,পুয়ের্তো রিকো
🇵🇸	flags	flag,palestinian territories,palestinian,territories	পতাকা,প্যালেস্টাইন ভূখণ্ড
🇵🇹	flags	flag,portugal	পতাকা,পর্তুগাল
🇵🇼	flags	flag,palau	পতাকা,পালাউ
🇵🇾	flags	flag,paraguay	পতাকা,প্যারাগুয়ে
🇶🇦	flags	flag,qatar	পতাকা,কাতার
🇷🇪	flags	flag,réunion	পতাকা,রিইউনিয়ন
🇷🇴	flags	flag,romania	পতাকা,রোমানিয়া
🇷🇸	flags	flag,serbia	পতাকা,সার্বিয়া
🇷🇺	flags	flag,russia	পতাকা,রাশিয়া
🇷🇼	flags	flag,rwanda	পতাকা,রুয়ান্ডা
🇸🇦	flags	flag,saudi arabia,saudi,arabia,ksa	পতাকা,সৌদি আরব
🇸🇧	flags	flag,solomon islands,solomon,islands	পতাকা,সলোমন দ্বীপপুঞ্জ
🇸🇨	flags	flag,seychelles	পতাকা,সিসিলি
🇸🇩	flags	flag,sudan	পতাকা,সুদান
🇸🇪	flags	flag,sweden	পতাকা,সুইডেন
🇸🇬	flags	flag,singapore	পতাকা,সিঙ্গাপুর
🇸🇭	flags	flag,st. helena,ascension & tristan da cunha,st.,helena	পতাকা,সেন্ট হেলেনা
🇸🇮	flags	flag,slovenia	পতাকা,স্লোভানিয়া
🇸🇯	flags	flag,svalbard & jan mayen,svalbard,&,jan,mayen	পতাকা,স্বালবার্ড ও জান মেয়েন
🇸🇰	flags	flag,slovakia	পতাকা,স্লোভাকিয়া
🇸🇱	flags	flag,sierra leone,sierra,leone	পতাকা,সিয়েরা লিওন
🇸🇲	flags	flag,san marino,san,marino	পতাকা,সান মারিনো
🇸🇳	flags	flag,senegal	পতাকা,সেনেগাল
🇸🇴	flags	flag,somalia	পতাকা,সোমালিয়া
🇸🇷	flags	flag,suriname	পতাকা,সুরিনাম
🇸🇸	flags	flag,south sudan,south,sudan	পতাকা,দক্ষিণ সুদান
🇸🇹	flags	flag,são tomé & príncipe,são,tomé,&,príncipe	পতাকা,সাওটোমা ও প্রিন্সিপি
🇸🇻	flags	flag,el salvador,el,salvador	পতাকা,এল সালভেদর
🇸🇽	flags	flag,sint maarten,sint,maarten	পতাকা,সিন্ট মার্টেন
🇸🇾	flags	flag,syria	পতাকা,সিরিয়া
🇸🇿	flags	flag,eswatini	পতাকা,ইসওয়াতিনি
🇹🇦	flags	flag,tristan da cunha,tristan,da,cunha	পতাকা,ট্রিস্টান ডা কুনহা
🇹🇨	flags	flag,turks & caicos islands,turks,&,caicos,islands	পতাকা,তুর্কস ও কাইকোস দ্বীপপুঞ্জ
🇹🇩	flags	flag,chad	পতাকা,চাদ
🇹🇫	flags	flag,french southern and antarctic lands,french,southern,territories	পতাকা,ফরাসী দক্ষিণাঞ্চল
🇹🇬	flags	flag,togo	পতাকা,টোগো
🇹🇭	flags	flag,thailand	পতাকা,থাইল্যান্ড
🇹🇯	flags	flag,tajikistan	পতাকা,তাজিকিস্তান
🇹🇰	flags	flag,tokelau	পতাকা,টোকেলাউ
🇹🇱	flags	flag,timor-leste	পতাকা,তিমুর-লেস্তে
🇹🇲	flags	flag,turkmenistan	পতাকা,তুর্কমেনিস্তান
🇹🇳	flags	flag,tunisia	পতাকা,তিউনিসিয়া
🇹🇴	flags	flag,tonga	পতাকা,টোঙ্গা
🇹🇷	flags	flag,türkiye,turkey	পতাকা,তুরস্ক
🇹🇹	flags	flag,trinidad & tobago,trinidad,&,tobago	পতাকা,ত্রিনিদাদ ও টোবাগো
🇹🇻	flags	flag,tuvalu	পতাকা,টুভালু
🇹🇼	flags	flag,taiwan	পতাকা,তাইওয়ান
🇹🇿	flags	flag,tanzania	পতাকা,তাঞ্জানিয়া
🇺🇦	flags	flag,ukraine	পতাকা,ইউক্রেন
🇺🇬	flags	flag,uganda	পতাকা,উগান্ডা
🇺🇲	flags	flag,u.s. outlying islands,u.s.,outlying,islands	পতাকা,যুক্তরাষ্ট্রের পার্শ্ববর্তী দ্বীপপুঞ্জ
🇺🇳	flags	flag,united nations,united,nations	পতাকা,জাতিসংঘ
🇺🇸	flags	flag,united states,united,states,usa,america	পতাকা,মার্কিন যুক্তরাষ্ট্র,আমেরিকা,যুক্তরাষ্ট্র
🇺🇾	flags	flag,uruguay	পতাকা,উরুগুয়ে
🇺🇿	flags	flag,uzbekistan	পতাকা,উজবেকিস্তান
🇻🇦	flags	flag,vatican city,vatican,city	পতাকা,ভ্যাটিকান সিটি
🇻🇨	flags	flag,st. vincent & grenadines,st.,vincent,&,grenadines	পতাকা,সেন্ট ভিনসেন্ট ও গ্রেনাডিনস
🇻🇪	flags	flag,venezuela	পতাকা,ভেনেজুয়েলা
🇻🇬	flags	flag,british virgin islands,british,virgin,islands	পতাকা,ব্রিটিশ ভার্জিন দ্বীপপুঞ্জ
🇻🇮	flags	flag,u.s. virgin islands,u.s.,virgin,islands	পতাকা,মার্কিন যুক্তরাষ্ট্রীয় ভার্জিন দ্বীপপুঞ্জ
🇻🇳	flags	flag,vietnam	পতাকা,ভিয়েতনাম
🇻🇺	flags	flag,vanuatu	পতাকা,ভানুয়াটু
🇼🇫	flags	flag,wallis & futuna,wallis,&,futuna	পতাকা,ওয়ালিস ও ফুটুনা
🇼🇸	flags	flag,samoa	পতাকা,সামোয়া
🇽🇰	flags	flag,kosovo	পতাকা,কসোভো
🇾🇪	flags	flag,yemen	পতাকা,ইয়েমেন
🇾🇹	flags	flag,mayotte	পতাকা,মায়োত্তে
🇿🇦	flags	flag,south africa,south,africa	পতাকা,দক্ষিণ আফ্রিকা
🇿🇲	flags	flag,zambia	পতাকা,জাম্বিয়া
🇿🇼	flags	flag,zimbabwe	পতাকা,জিম্বাবোয়ে
🏴󠁧󠁢󠁥󠁮󠁧󠁿	flags	flag,england	পতাকা,ইংল্যান্ড
🏴󠁧󠁢󠁳󠁣󠁴󠁿	flags	flag,scotland	পতাকা,স্কটল্যান্ড
🏴󠁧󠁢󠁷󠁬󠁳󠁿	flags	flag,wales	পতাকা,ওয়েল্স
